Antecedentes;Consequentes;Suporte;Confianca;Lift
turma_1o. EM IFA LGG/CHS C;escola_Colégio Estadual Almirante Tamandaré;0.31632653061224;1;1.0537634408602
turma_1o. EM IFA LGG/CHS D;escola_Colégio Estadual Almirante Tamandaré;0.30612244897959;1;1.0537634408602
turma_1o.Tec.Enf. - ET AS - B;escola_Colégio Estadual Almirante Tamandaré;0.20408163265306;1;1.0537634408602
turma_NEM EPT IF TEC ENFERM-ET AS - B Manhã;escola_Colégio Estadual Almirante Tamandaré;0.12244897959184;1;1.0537634408602
fx_idade_adolescente;escola_Colégio Estadual Almirante Tamandaré;0.87755102040816;0.94505494505495;0.99586435070306
escola_Colégio Estadual Almirante Tamandaré;fx_idade_adolescente;0.87755102040816;0.9247311827957;0.99586435070306
categoria_Ciência;escola_Colégio Estadual Almirante Tamandaré;0.051020408163265;1;1.0537634408602
categoria_Direitos Humanos;escola_Colégio Estadual Almirante Tamandaré;0.091836734693878;0.81818181818182;0.86217008797654
categoria_Economia e Negócios;escola_Colégio Estadual Almirante Tamandaré;0.061224489795918;0.85714285714286;0.90322580645161
categoria_Internacional;escola_Colégio Estadual Almirante Tamandaré;0.051020408163265;1;1.0537634408602
categoria_Meio Ambiente e Clima;escola_Colégio Estadual Almirante Tamandaré;0.091836734693878;1;1.0537634408602
categoria_Política;escola_Colégio Estadual Almirante Tamandaré;0.071428571428571;1;1.0537634408602
categoria_Saúde e Bem-estar;escola_Colégio Estadual Almirante Tamandaré;0.22448979591837;1;1.0537634408602
categoria_Segurança e Justiça;escola_Colégio Estadual Almirante Tamandaré;0.10204081632653;1;1.0537634408602
auto_avaliacao_Casual;escola_Colégio Estadual Almirante Tamandaré;0.24489795918367;0.88888888888889;0.93667861409797
auto_avaliacao_Iniciante;escola_Colégio Estadual Almirante Tamandaré;0.33673469387755;0.97058823529412;1.022770398482
auto_avaliacao_Noob;escola_Colégio Estadual Almirante Tamandaré;0.13265306122449;0.92857142857143;0.97849462365591
auto_avaliacao_Proplayer;escola_Colégio Estadual Almirante Tamandaré;0.19387755102041;1;1.0537634408602
avaliacao_jogo_Avançado;escola_Colégio Estadual Almirante Tamandaré;0.27551020408163;0.93103448275862;0.98109010011123
avaliacao_jogo_Casual;escola_Colégio Estadual Almirante Tamandaré;0.25510204081633;1;1.0537634408602
avaliacao_jogo_Proplayer;escola_Colégio Estadual Almirante Tamandaré;0.37755102040816;0.925;0.9747311827957
capacidade_critica_AUMENTOU;escola_Colégio Estadual Almirante Tamandaré;0.37755102040816;0.925;0.9747311827957
capacidade_critica_DIMINUIU;escola_Colégio Estadual Almirante Tamandaré;0.51020408163265;0.96153846153846;1.0132340777502
capacidade_critica_MANTEVE;escola_Colégio Estadual Almirante Tamandaré;0.061224489795918;1;1.0537634408602
turma_1o. EM IFA LGG/CHS C;fx_idade_adolescente;0.27551020408163;0.87096774193548;0.93796526054591
turma_1o. EM IFA LGG/CHS D;fx_idade_adolescente;0.29591836734694;0.96666666666667;1.0410256410256
turma_1o.Tec.Enf. - ET AS - B;fx_idade_adolescente;0.19387755102041;0.95;1.0230769230769
turma_NEM EPT IF TEC ENFERM-ET AS - B Manhã;fx_idade_adolescente;0.11224489795918;0.91666666666667;0.98717948717949
categoria_Ciência;fx_idade_adolescente;0.051020408163265;1;1.0769230769231
categoria_Direitos Humanos;fx_idade_adolescente;0.10204081632653;0.90909090909091;0.97902097902098
categoria_Economia e Negócios;fx_idade_adolescente;0.071428571428571;1;1.0769230769231
categoria_Internacional;fx_idade_adolescente;0.051020408163265;1;1.0769230769231
categoria_Meio Ambiente e Clima;fx_idade_adolescente;0.081632653061224;0.88888888888889;0.95726495726496
categoria_Política;fx_idade_adolescente;0.071428571428571;1;1.0769230769231
categoria_Saúde e Bem-estar;fx_idade_adolescente;0.20408163265306;0.90909090909091;0.97902097902098
categoria_Segurança e Justiça;fx_idade_adolescente;0.091836734693878;0.9;0.96923076923077
auto_avaliacao_Casual;fx_idade_adolescente;0.26530612244898;0.96296296296296;1.037037037037
auto_avaliacao_Iniciante;fx_idade_adolescente;0.31632653061224;0.91176470588235;0.98190045248869
auto_avaliacao_Noob;fx_idade_adolescente;0.13265306122449;0.92857142857143;1
auto_avaliacao_Proplayer;fx_idade_adolescente;0.18367346938776;0.94736842105263;1.0202429149798
avaliacao_jogo_Avançado;fx_idade_adolescente;0.28571428571429;0.96551724137931;1.0397877984085
avaliacao_jogo_Casual;fx_idade_adolescente;0.24489795918367;0.96;1.0338461538462
avaliacao_jogo_Proplayer;fx_idade_adolescente;0.35714285714286;0.875;0.94230769230769
capacidade_critica_AUMENTOU;fx_idade_adolescente;0.36734693877551;0.9;0.96923076923077
capacidade_critica_DIMINUIU;fx_idade_adolescente;0.51020408163265;0.96153846153846;1.0355029585799
capacidade_critica_MANTEVE;fx_idade_adolescente;0.051020408163265;0.83333333333333;0.8974358974359
categoria_Economia e Negócios;capacidade_critica_AUMENTOU;0.061224489795918;0.85714285714286;2.1
avaliacao_jogo_Casual;capacidade_critica_DIMINUIU;0.19387755102041;0.76;1.4323076923077
capacidade_critica_MANTEVE;avaliacao_jogo_Proplayer;0.061224489795918;1;2.45
fx_idade_adolescente, turma_1o. EM IFA LGG/CHS C;escola_Colégio Estadual Almirante Tamandaré;0.27551020408163;1;1.0537634408602
escola_Colégio Estadual Almirante Tamandaré, turma_1o. EM IFA LGG/CHS C;fx_idade_adolescente;0.27551020408163;0.87096774193548;0.93796526054591
turma_1o. EM IFA LGG/CHS C;fx_idade_adolescente, escola_Colégio Estadual Almirante Tamandaré;0.27551020408163;0.87096774193548;0.99249812453113
categoria_Saúde e Bem-estar, turma_1o. EM IFA LGG/CHS C;escola_Colégio Estadual Almirante Tamandaré;0.091836734693878;1;1.0537634408602
turma_1o. EM IFA LGG/CHS C, auto_avaliacao_Casual;escola_Colégio Estadual Almirante Tamandaré;0.071428571428571;1;1.0537634408602
auto_avaliacao_Iniciante, turma_1o. EM IFA LGG/CHS C;escola_Colégio Estadual Almirante Tamandaré;0.091836734693878;1;1.0537634408602
auto_avaliacao_Proplayer, turma_1o. EM IFA LGG/CHS C;escola_Colégio Estadual Almirante Tamandaré;0.11224489795918;1;1.0537634408602
avaliacao_jogo_Avançado, turma_1o. EM IFA LGG/CHS C;escola_Colégio Estadual Almirante Tamandaré;0.081632653061224;1;1.0537634408602
turma_1o. EM IFA LGG/CHS C, avaliacao_jogo_Casual;escola_Colégio Estadual Almirante Tamandaré;0.061224489795918;1;1.0537634408602
avaliacao_jogo_Proplayer, turma_1o. EM IFA LGG/CHS C;escola_Colégio Estadual Almirante Tamandaré;0.16326530612245;1;1.0537634408602
capacidade_critica_AUMENTOU, turma_1o. EM IFA LGG/CHS C;escola_Colégio Estadual Almirante Tamandaré;0.11224489795918;1;1.0537634408602
capacidade_critica_DIMINUIU, turma_1o. EM IFA LGG/CHS C;escola_Colégio Estadual Almirante Tamandaré;0.18367346938776;1;1.0537634408602
fx_idade_adolescente, turma_1o. EM IFA LGG/CHS D;escola_Colégio Estadual Almirante Tamandaré;0.29591836734694;1;1.0537634408602
turma_1o. EM IFA LGG/CHS D, escola_Colégio Estadual Almirante Tamandaré;fx_idade_adolescente;0.29591836734694;0.96666666666667;1.0410256410256
turma_1o. EM IFA LGG/CHS D;fx_idade_adolescente, escola_Colégio Estadual Almirante Tamandaré;0.29591836734694;0.96666666666667;1.1015503875969
turma_1o. EM IFA LGG/CHS D, categoria_Saúde e Bem-estar;escola_Colégio Estadual Almirante Tamandaré;0.071428571428571;1;1.0537634408602
turma_1o. EM IFA LGG/CHS D, auto_avaliacao_Casual;escola_Colégio Estadual Almirante Tamandaré;0.061224489795918;1;1.0537634408602
auto_avaliacao_Iniciante, turma_1o. EM IFA LGG/CHS D;escola_Colégio Estadual Almirante Tamandaré;0.11224489795918;1;1.0537634408602
auto_avaliacao_Noob, turma_1o. EM IFA LGG/CHS D;escola_Colégio Estadual Almirante Tamandaré;0.081632653061224;1;1.0537634408602
turma_1o. EM IFA LGG/CHS D, avaliacao_jogo_Avançado;escola_Colégio Estadual Almirante Tamandaré;0.081632653061224;1;1.0537634408602
turma_1o. EM IFA LGG/CHS D, avaliacao_jogo_Casual;escola_Colégio Estadual Almirante Tamandaré;0.10204081632653;1;1.0537634408602
turma_1o. EM IFA LGG/CHS D, avaliacao_jogo_Proplayer;escola_Colégio Estadual Almirante Tamandaré;0.091836734693878;1;1.0537634408602
turma_1o. EM IFA LGG/CHS D, capacidade_critica_AUMENTOU;escola_Colégio Estadual Almirante Tamandaré;0.11224489795918;1;1.0537634408602
turma_1o. EM IFA LGG/CHS D, capacidade_critica_DIMINUIU;escola_Colégio Estadual Almirante Tamandaré;0.1530612244898;1;1.0537634408602
fx_idade_adolescente, turma_1o.Tec.Enf. - ET AS - B;escola_Colégio Estadual Almirante Tamandaré;0.19387755102041;1;1.0537634408602
escola_Colégio Estadual Almirante Tamandaré, turma_1o.Tec.Enf. - ET AS - B;fx_idade_adolescente;0.19387755102041;0.95;1.0230769230769
turma_1o.Tec.Enf. - ET AS - B;fx_idade_adolescente, escola_Colégio Estadual Almirante Tamandaré;0.19387755102041;0.95;1.0825581395349
turma_1o.Tec.Enf. - ET AS - B, categoria_Meio Ambiente e Clima;escola_Colégio Estadual Almirante Tamandaré;0.051020408163265;1;1.0537634408602
turma_1o.Tec.Enf. - ET AS - B, auto_avaliacao_Casual;escola_Colégio Estadual Almirante Tamandaré;0.10204081632653;1;1.0537634408602
auto_avaliacao_Iniciante, turma_1o.Tec.Enf. - ET AS - B;escola_Colégio Estadual Almirante Tamandaré;0.071428571428571;1;1.0537634408602
avaliacao_jogo_Avançado, turma_1o.Tec.Enf. - ET AS - B;escola_Colégio Estadual Almirante Tamandaré;0.071428571428571;1;1.0537634408602
turma_1o.Tec.Enf. - ET AS - B, avaliacao_jogo_Casual;escola_Colégio Estadual Almirante Tamandaré;0.061224489795918;1;1.0537634408602
turma_1o.Tec.Enf. - ET AS - B, avaliacao_jogo_Proplayer;escola_Colégio Estadual Almirante Tamandaré;0.071428571428571;1;1.0537634408602
turma_1o.Tec.Enf. - ET AS - B, capacidade_critica_AUMENTOU;escola_Colégio Estadual Almirante Tamandaré;0.081632653061224;1;1.0537634408602
capacidade_critica_DIMINUIU, turma_1o.Tec.Enf. - ET AS - B;escola_Colégio Estadual Almirante Tamandaré;0.12244897959184;1;1.0537634408602
fx_idade_adolescente, turma_NEM EPT IF TEC ENFERM-ET AS - B Manhã;escola_Colégio Estadual Almirante Tamandaré;0.11224489795918;1;1.0537634408602
turma_NEM EPT IF TEC ENFERM-ET AS - B Manhã, escola_Colégio Estadual Almirante Tamandaré;fx_idade_adolescente;0.11224489795918;0.91666666666667;0.98717948717949
turma_NEM EPT IF TEC ENFERM-ET AS - B Manhã;fx_idade_adolescente, escola_Colégio Estadual Almirante Tamandaré;0.11224489795918;0.91666666666667;1.0445736434109
auto_avaliacao_Iniciante, turma_NEM EPT IF TEC ENFERM-ET AS - B Manhã;escola_Colégio Estadual Almirante Tamandaré;0.061224489795918;1;1.0537634408602
turma_NEM EPT IF TEC ENFERM-ET AS - B Manhã, avaliacao_jogo_Proplayer;escola_Colégio Estadual Almirante Tamandaré;0.051020408163265;1;1.0537634408602
turma_NEM EPT IF TEC ENFERM-ET AS - B Manhã, capacidade_critica_AUMENTOU;escola_Colégio Estadual Almirante Tamandaré;0.071428571428571;1;1.0537634408602
turma_NEM EPT IF TEC ENFERM-ET AS - B Manhã, capacidade_critica_DIMINUIU;escola_Colégio Estadual Almirante Tamandaré;0.051020408163265;1;1.0537634408602
fx_idade_adolescente, categoria_Ciência;escola_Colégio Estadual Almirante Tamandaré;0.051020408163265;1;1.0537634408602
escola_Colégio Estadual Almirante Tamandaré, categoria_Ciência;fx_idade_adolescente;0.051020408163265;1;1.0769230769231
categoria_Ciência;fx_idade_adolescente, escola_Colégio Estadual Almirante Tamandaré;0.051020408163265;1;1.1395348837209
fx_idade_adolescente, categoria_Direitos Humanos;escola_Colégio Estadual Almirante Tamandaré;0.081632653061224;0.8;0.84301075268817
escola_Colégio Estadual Almirante Tamandaré, categoria_Direitos Humanos;fx_idade_adolescente;0.081632653061224;0.88888888888889;0.95726495726496
fx_idade_adolescente, categoria_Economia e Negócios;escola_Colégio Estadual Almirante Tamandaré;0.061224489795918;0.85714285714286;0.90322580645161
escola_Colégio Estadual Almirante Tamandaré, categoria_Economia e Negócios;fx_idade_adolescente;0.061224489795918;1;1.0769230769231
categoria_Economia e Negócios;fx_idade_adolescente, escola_Colégio Estadual Almirante Tamandaré;0.061224489795918;0.85714285714286;0.97674418604651
fx_idade_adolescente, categoria_Internacional;escola_Colégio Estadual Almirante Tamandaré;0.051020408163265;1;1.0537634408602
escola_Colégio Estadual Almirante Tamandaré, categoria_Internacional;fx_idade_adolescente;0.051020408163265;1;1.0769230769231
categoria_Internacional;fx_idade_adolescente, escola_Colégio Estadual Almirante Tamandaré;0.051020408163265;1;1.1395348837209
fx_idade_adolescente, categoria_Meio Ambiente e Clima;escola_Colégio Estadual Almirante Tamandaré;0.081632653061224;1;1.0537634408602
escola_Colégio Estadual Almirante Tamandaré, categoria_Meio Ambiente e Clima;fx_idade_adolescente;0.081632653061224;0.88888888888889;0.95726495726496
categoria_Meio Ambiente e Clima;fx_idade_adolescente, escola_Colégio Estadual Almirante Tamandaré;0.081632653061224;0.88888888888889;1.0129198966408
fx_idade_adolescente, categoria_Política;escola_Colégio Estadual Almirante Tamandaré;0.071428571428571;1;1.0537634408602
escola_Colégio Estadual Almirante Tamandaré, categoria_Política;fx_idade_adolescente;0.071428571428571;1;1.0769230769231
categoria_Política;fx_idade_adolescente, escola_Colégio Estadual Almirante Tamandaré;0.071428571428571;1;1.1395348837209
fx_idade_adolescente, categoria_Saúde e Bem-estar;escola_Colégio Estadual Almirante Tamandaré;0.20408163265306;1;1.0537634408602
categoria_Saúde e Bem-estar, escola_Colégio Estadual Almirante Tamandaré;fx_idade_adolescente;0.20408163265306;0.90909090909091;0.97902097902098
categoria_Saúde e Bem-estar;fx_idade_adolescente, escola_Colégio Estadual Almirante Tamandaré;0.20408163265306;0.90909090909091;1.0359408033827
fx_idade_adolescente, categoria_Segurança e Justiça;escola_Colégio Estadual Almirante Tamandaré;0.091836734693878;1;1.0537634408602
escola_Colégio Estadual Almirante Tamandaré, categoria_Segurança e Justiça;fx_idade_adolescente;0.091836734693878;0.9;0.96923076923077
categoria_Segurança e Justiça;fx_idade_adolescente, escola_Colégio Estadual Almirante Tamandaré;0.091836734693878;0.9;1.0255813953488
fx_idade_adolescente, auto_avaliacao_Casual;escola_Colégio Estadual Almirante Tamandaré;0.23469387755102;0.88461538461538;0.93217535153019
escola_Colégio Estadual Almirante Tamandaré, auto_avaliacao_Casual;fx_idade_adolescente;0.23469387755102;0.95833333333333;1.0320512820513
auto_avaliacao_Casual;fx_idade_adolescente, escola_Colégio Estadual Almirante Tamandaré;0.23469387755102;0.85185185185185;0.97071490094746
auto_avaliacao_Iniciante, escola_Colégio Estadual Almirante Tamandaré;fx_idade_adolescente;0.30612244897959;0.90909090909091;0.97902097902098
auto_avaliacao_Iniciante, fx_idade_adolescente;escola_Colégio Estadual Almirante Tamandaré;0.30612244897959;0.96774193548387;1.0197710718002
auto_avaliacao_Iniciante;fx_idade_adolescente, escola_Colégio Estadual Almirante Tamandaré;0.30612244897959;0.88235294117647;1.0054719562244
auto_avaliacao_Noob, escola_Colégio Estadual Almirante Tamandaré;fx_idade_adolescente;0.12244897959184;0.92307692307692;0.99408284023669
auto_avaliacao_Noob, fx_idade_adolescente;escola_Colégio Estadual Almirante Tamandaré;0.12244897959184;0.92307692307692;0.9727047146402
auto_avaliacao_Noob;fx_idade_adolescente, escola_Colégio Estadual Almirante Tamandaré;0.12244897959184;0.85714285714286;0.97674418604651
fx_idade_adolescente, auto_avaliacao_Proplayer;escola_Colégio Estadual Almirante Tamandaré;0.18367346938776;1;1.0537634408602
escola_Colégio Estadual Almirante Tamandaré, auto_avaliacao_Proplayer;fx_idade_adolescente;0.18367346938776;0.94736842105263;1.0202429149798
auto_avaliacao_Proplayer;fx_idade_adolescente, escola_Colégio Estadual Almirante Tamandaré;0.18367346938776;0.94736842105263;1.0795593635251
fx_idade_adolescente, avaliacao_jogo_Avançado;escola_Colégio Estadual Almirante Tamandaré;0.26530612244898;0.92857142857143;0.97849462365591
escola_Colégio Estadual Almirante Tamandaré, avaliacao_jogo_Avançado;fx_idade_adolescente;0.26530612244898;0.96296296296296;1.037037037037
avaliacao_jogo_Avançado;fx_idade_adolescente, escola_Colégio Estadual Almirante Tamandaré;0.26530612244898;0.89655172413793;1.0216519647153
fx_idade_adolescente, avaliacao_jogo_Casual;escola_Colégio Estadual Almirante Tamandaré;0.24489795918367;1;1.0537634408602
escola_Colégio Estadual Almirante Tamandaré, avaliacao_jogo_Casual;fx_idade_adolescente;0.24489795918367;0.96;1.0338461538462
avaliacao_jogo_Casual;fx_idade_adolescente, escola_Colégio Estadual Almirante Tamandaré;0.24489795918367;0.96;1.0939534883721
fx_idade_adolescente, avaliacao_jogo_Proplayer;escola_Colégio Estadual Almirante Tamandaré;0.3265306122449;0.91428571428571;0.96344086021505
escola_Colégio Estadual Almirante Tamandaré, avaliacao_jogo_Proplayer;fx_idade_adolescente;0.3265306122449;0.86486486486486;0.93139293139293
avaliacao_jogo_Proplayer;fx_idade_adolescente, escola_Colégio Estadual Almirante Tamandaré;0.3265306122449;0.8;0.91162790697674
fx_idade_adolescente, capacidade_critica_AUMENTOU;escola_Colégio Estadual Almirante Tamandaré;0.33673469387755;0.91666666666667;0.96594982078853
escola_Colégio Estadual Almirante Tamandaré, capacidade_critica_AUMENTOU;fx_idade_adolescente;0.33673469387755;0.89189189189189;0.96049896049896
capacidade_critica_AUMENTOU;fx_idade_adolescente, escola_Colégio Estadual Almirante Tamandaré;0.33673469387755;0.825;0.94011627906977
fx_idade_adolescente, capacidade_critica_DIMINUIU;escola_Colégio Estadual Almirante Tamandaré;0.48979591836735;0.96;1.0116129032258
escola_Colégio Estadual Almirante Tamandaré, capacidade_critica_DIMINUIU;fx_idade_adolescente;0.48979591836735;0.96;1.0338461538462
capacidade_critica_DIMINUIU;fx_idade_adolescente, escola_Colégio Estadual Almirante Tamandaré;0.48979591836735;0.92307692307692;1.0518783542039
fx_idade_adolescente, capacidade_critica_MANTEVE;escola_Colégio Estadual Almirante Tamandaré;0.051020408163265;1;1.0537634408602
escola_Colégio Estadual Almirante Tamandaré, capacidade_critica_MANTEVE;fx_idade_adolescente;0.051020408163265;0.83333333333333;0.8974358974359
capacidade_critica_MANTEVE;fx_idade_adolescente, escola_Colégio Estadual Almirante Tamandaré;0.051020408163265;0.83333333333333;0.94961240310078
escola_Colégio Estadual Almirante Tamandaré, categoria_Direitos Humanos;capacidade_critica_DIMINUIU;0.071428571428571;0.77777777777778;1.465811965812
capacidade_critica_DIMINUIU, categoria_Direitos Humanos;escola_Colégio Estadual Almirante Tamandaré;0.071428571428571;0.875;0.92204301075269
escola_Colégio Estadual Almirante Tamandaré, categoria_Economia e Negócios;capacidade_critica_AUMENTOU;0.051020408163265;0.83333333333333;2.0416666666667
categoria_Economia e Negócios, capacidade_critica_AUMENTOU;escola_Colégio Estadual Almirante Tamandaré;0.051020408163265;0.83333333333333;0.87813620071685
avaliacao_jogo_Proplayer, categoria_Meio Ambiente e Clima;escola_Colégio Estadual Almirante Tamandaré;0.051020408163265;1;1.0537634408602
capacidade_critica_DIMINUIU, categoria_Meio Ambiente e Clima;escola_Colégio Estadual Almirante Tamandaré;0.051020408163265;1;1.0537634408602
capacidade_critica_DIMINUIU, categoria_Política;escola_Colégio Estadual Almirante Tamandaré;0.051020408163265;1;1.0537634408602
categoria_Saúde e Bem-estar, auto_avaliacao_Casual;escola_Colégio Estadual Almirante Tamandaré;0.081632653061224;1;1.0537634408602
auto_avaliacao_Iniciante, categoria_Saúde e Bem-estar;escola_Colégio Estadual Almirante Tamandaré;0.081632653061224;1;1.0537634408602
categoria_Saúde e Bem-estar, auto_avaliacao_Proplayer;escola_Colégio Estadual Almirante Tamandaré;0.051020408163265;1;1.0537634408602
categoria_Saúde e Bem-estar, avaliacao_jogo_Avançado;escola_Colégio Estadual Almirante Tamandaré;0.071428571428571;1;1.0537634408602
categoria_Saúde e Bem-estar, avaliacao_jogo_Proplayer;escola_Colégio Estadual Almirante Tamandaré;0.081632653061224;1;1.0537634408602
categoria_Saúde e Bem-estar, capacidade_critica_AUMENTOU;escola_Colégio Estadual Almirante Tamandaré;0.091836734693878;1;1.0537634408602
categoria_Saúde e Bem-estar, capacidade_critica_DIMINUIU;escola_Colégio Estadual Almirante Tamandaré;0.13265306122449;1;1.0537634408602
categoria_Segurança e Justiça, avaliacao_jogo_Proplayer;escola_Colégio Estadual Almirante Tamandaré;0.051020408163265;1;1.0537634408602
capacidade_critica_DIMINUIU, categoria_Segurança e Justiça;escola_Colégio Estadual Almirante Tamandaré;0.051020408163265;1;1.0537634408602
avaliacao_jogo_Avançado, auto_avaliacao_Casual;escola_Colégio Estadual Almirante Tamandaré;0.081632653061224;0.8;0.84301075268817
avaliacao_jogo_Casual, auto_avaliacao_Casual;escola_Colégio Estadual Almirante Tamandaré;0.071428571428571;1;1.0537634408602
avaliacao_jogo_Proplayer, auto_avaliacao_Casual;escola_Colégio Estadual Almirante Tamandaré;0.081632653061224;0.88888888888889;0.93667861409797
capacidade_critica_AUMENTOU, auto_avaliacao_Casual;escola_Colégio Estadual Almirante Tamandaré;0.081632653061224;0.88888888888889;0.93667861409797
capacidade_critica_DIMINUIU, auto_avaliacao_Casual;escola_Colégio Estadual Almirante Tamandaré;0.16326530612245;0.88888888888889;0.93667861409797
auto_avaliacao_Iniciante, avaliacao_jogo_Avançado;escola_Colégio Estadual Almirante Tamandaré;0.081632653061224;1;1.0537634408602
auto_avaliacao_Iniciante, avaliacao_jogo_Casual;escola_Colégio Estadual Almirante Tamandaré;0.091836734693878;1;1.0537634408602
auto_avaliacao_Iniciante, avaliacao_jogo_Proplayer;escola_Colégio Estadual Almirante Tamandaré;0.13265306122449;0.92857142857143;0.97849462365591
auto_avaliacao_Iniciante, capacidade_critica_AUMENTOU;escola_Colégio Estadual Almirante Tamandaré;0.18367346938776;0.94736842105263;0.99830220713073
auto_avaliacao_Iniciante, capacidade_critica_DIMINUIU;escola_Colégio Estadual Almirante Tamandaré;0.1530612244898;1;1.0537634408602
auto_avaliacao_Noob, avaliacao_jogo_Proplayer;escola_Colégio Estadual Almirante Tamandaré;0.071428571428571;0.875;0.92204301075269
auto_avaliacao_Noob, capacidade_critica_DIMINUIU;escola_Colégio Estadual Almirante Tamandaré;0.051020408163265;1;1.0537634408602
auto_avaliacao_Proplayer, avaliacao_jogo_Casual;escola_Colégio Estadual Almirante Tamandaré;0.071428571428571;1;1.0537634408602
auto_avaliacao_Proplayer, avaliacao_jogo_Proplayer;escola_Colégio Estadual Almirante Tamandaré;0.081632653061224;1;1.0537634408602
auto_avaliacao_Proplayer, capacidade_critica_AUMENTOU;escola_Colégio Estadual Almirante Tamandaré;0.061224489795918;1;1.0537634408602
capacidade_critica_DIMINUIU, auto_avaliacao_Proplayer;escola_Colégio Estadual Almirante Tamandaré;0.11224489795918;1;1.0537634408602
avaliacao_jogo_Avançado, capacidade_critica_AUMENTOU;escola_Colégio Estadual Almirante Tamandaré;0.10204081632653;0.90909090909091;0.95796676441838
avaliacao_jogo_Avançado, capacidade_critica_DIMINUIU;escola_Colégio Estadual Almirante Tamandaré;0.1734693877551;0.94444444444444;0.99522102747909
capacidade_critica_AUMENTOU, avaliacao_jogo_Casual;escola_Colégio Estadual Almirante Tamandaré;0.061224489795918;1;1.0537634408602
escola_Colégio Estadual Almirante Tamandaré, avaliacao_jogo_Casual;capacidade_critica_DIMINUIU;0.19387755102041;0.76;1.4323076923077
capacidade_critica_DIMINUIU, avaliacao_jogo_Casual;escola_Colégio Estadual Almirante Tamandaré;0.19387755102041;1;1.0537634408602
avaliacao_jogo_Casual;escola_Colégio Estadual Almirante Tamandaré, capacidade_critica_DIMINUIU;0.19387755102041;0.76;1.4896
avaliacao_jogo_Proplayer, capacidade_critica_AUMENTOU;escola_Colégio Estadual Almirante Tamandaré;0.21428571428571;0.91304347826087;0.96213183730715
capacidade_critica_DIMINUIU, avaliacao_jogo_Proplayer;escola_Colégio Estadual Almirante Tamandaré;0.10204081632653;0.90909090909091;0.95796676441838
escola_Colégio Estadual Almirante Tamandaré, capacidade_critica_MANTEVE;avaliacao_jogo_Proplayer;0.061224489795918;1;2.45
avaliacao_jogo_Proplayer, capacidade_critica_MANTEVE;escola_Colégio Estadual Almirante Tamandaré;0.061224489795918;1;1.0537634408602
capacidade_critica_MANTEVE;escola_Colégio Estadual Almirante Tamandaré, avaliacao_jogo_Proplayer;0.061224489795918;1;2.6486486486486
categoria_Saúde e Bem-estar, turma_1o. EM IFA LGG/CHS C;fx_idade_adolescente;0.071428571428571;0.77777777777778;0.83760683760684
turma_1o. EM IFA LGG/CHS C, auto_avaliacao_Casual;fx_idade_adolescente;0.061224489795918;0.85714285714286;0.92307692307692
auto_avaliacao_Proplayer, turma_1o. EM IFA LGG/CHS C;fx_idade_adolescente;0.11224489795918;1;1.0769230769231
avaliacao_jogo_Avançado, turma_1o. EM IFA LGG/CHS C;fx_idade_adolescente;0.081632653061224;1;1.0769230769231
turma_1o. EM IFA LGG/CHS C, avaliacao_jogo_Casual;fx_idade_adolescente;0.051020408163265;0.83333333333333;0.8974358974359
avaliacao_jogo_Proplayer, turma_1o. EM IFA LGG/CHS C;fx_idade_adolescente;0.13265306122449;0.8125;0.875
capacidade_critica_DIMINUIU, turma_1o. EM IFA LGG/CHS C;fx_idade_adolescente;0.18367346938776;1;1.0769230769231
auto_avaliacao_Iniciante, turma_1o. EM IFA LGG/CHS C;avaliacao_jogo_Proplayer;0.071428571428571;0.77777777777778;1.9055555555556
avaliacao_jogo_Avançado, turma_1o. EM IFA LGG/CHS C;capacidade_critica_DIMINUIU;0.071428571428571;0.875;1.6490384615385
turma_1o. EM IFA LGG/CHS C, avaliacao_jogo_Casual;capacidade_critica_DIMINUIU;0.051020408163265;0.83333333333333;1.5705128205128
capacidade_critica_AUMENTOU, turma_1o. EM IFA LGG/CHS C;avaliacao_jogo_Proplayer;0.091836734693878;0.81818181818182;2.0045454545455
turma_1o. EM IFA LGG/CHS D, categoria_Saúde e Bem-estar;fx_idade_adolescente;0.071428571428571;1;1.0769230769231
turma_1o. EM IFA LGG/CHS D, auto_avaliacao_Casual;fx_idade_adolescente;0.061224489795918;1;1.0769230769231
auto_avaliacao_Iniciante, turma_1o. EM IFA LGG/CHS D;fx_idade_adolescente;0.11224489795918;1;1.0769230769231
auto_avaliacao_Noob, turma_1o. EM IFA LGG/CHS D;fx_idade_adolescente;0.071428571428571;0.875;0.94230769230769
turma_1o. EM IFA LGG/CHS D, avaliacao_jogo_Avançado;fx_idade_adolescente;0.081632653061224;1;1.0769230769231
turma_1o. EM IFA LGG/CHS D, avaliacao_jogo_Casual;fx_idade_adolescente;0.10204081632653;1;1.0769230769231
turma_1o. EM IFA LGG/CHS D, avaliacao_jogo_Proplayer;fx_idade_adolescente;0.081632653061224;0.88888888888889;0.95726495726496
turma_1o. EM IFA LGG/CHS D, capacidade_critica_AUMENTOU;fx_idade_adolescente;0.11224489795918;1;1.0769230769231
turma_1o. EM IFA LGG/CHS D, capacidade_critica_DIMINUIU;fx_idade_adolescente;0.1530612244898;1;1.0769230769231
turma_1o. EM IFA LGG/CHS D, categoria_Saúde e Bem-estar;capacidade_critica_DIMINUIU;0.061224489795918;0.85714285714286;1.6153846153846
turma_1o.Tec.Enf. - ET AS - B, auto_avaliacao_Casual;fx_idade_adolescente;0.10204081632653;1;1.0769230769231
auto_avaliacao_Iniciante, turma_1o.Tec.Enf. - ET AS - B;fx_idade_adolescente;0.071428571428571;1;1.0769230769231
avaliacao_jogo_Avançado, turma_1o.Tec.Enf. - ET AS - B;fx_idade_adolescente;0.071428571428571;1;1.0769230769231
turma_1o.Tec.Enf. - ET AS - B, avaliacao_jogo_Casual;fx_idade_adolescente;0.061224489795918;1;1.0769230769231
turma_1o.Tec.Enf. - ET AS - B, avaliacao_jogo_Proplayer;fx_idade_adolescente;0.061224489795918;0.85714285714286;0.92307692307692
turma_1o.Tec.Enf. - ET AS - B, capacidade_critica_AUMENTOU;fx_idade_adolescente;0.081632653061224;1;1.0769230769231
capacidade_critica_DIMINUIU, turma_1o.Tec.Enf. - ET AS - B;fx_idade_adolescente;0.11224489795918;0.91666666666667;0.98717948717949
turma_1o.Tec.Enf. - ET AS - B, avaliacao_jogo_Casual;capacidade_critica_DIMINUIU;0.061224489795918;1;1.8846153846154
auto_avaliacao_Iniciante, turma_NEM EPT IF TEC ENFERM-ET AS - B Manhã;fx_idade_adolescente;0.061224489795918;1;1.0769230769231
turma_NEM EPT IF TEC ENFERM-ET AS - B Manhã, avaliacao_jogo_Proplayer;fx_idade_adolescente;0.051020408163265;1;1.0769230769231
turma_NEM EPT IF TEC ENFERM-ET AS - B Manhã, capacidade_critica_AUMENTOU;fx_idade_adolescente;0.071428571428571;1;1.0769230769231
categoria_Direitos Humanos, auto_avaliacao_Casual;fx_idade_adolescente;0.051020408163265;1;1.0769230769231
fx_idade_adolescente, categoria_Direitos Humanos;capacidade_critica_DIMINUIU;0.081632653061224;0.8;1.5076923076923
capacidade_critica_DIMINUIU, categoria_Direitos Humanos;fx_idade_adolescente;0.081632653061224;1;1.0769230769231
categoria_Economia e Negócios, avaliacao_jogo_Proplayer;fx_idade_adolescente;0.051020408163265;1;1.0769230769231
fx_idade_adolescente, categoria_Economia e Negócios;capacidade_critica_AUMENTOU;0.061224489795918;0.85714285714286;2.1
categoria_Economia e Negócios, capacidade_critica_AUMENTOU;fx_idade_adolescente;0.061224489795918;1;1.0769230769231
categoria_Economia e Negócios;fx_idade_adolescente, capacidade_critica_AUMENTOU;0.061224489795918;0.85714285714286;2.3333333333333
capacidade_critica_DIMINUIU, categoria_Política;fx_idade_adolescente;0.051020408163265;1;1.0769230769231
categoria_Saúde e Bem-estar, auto_avaliacao_Casual;fx_idade_adolescente;0.071428571428571;0.875;0.94230769230769
auto_avaliacao_Iniciante, categoria_Saúde e Bem-estar;fx_idade_adolescente;0.071428571428571;0.875;0.94230769230769
categoria_Saúde e Bem-estar, auto_avaliacao_Proplayer;fx_idade_adolescente;0.051020408163265;1;1.0769230769231
categoria_Saúde e Bem-estar, avaliacao_jogo_Avançado;fx_idade_adolescente;0.071428571428571;1;1.0769230769231
categoria_Saúde e Bem-estar, avaliacao_jogo_Proplayer;fx_idade_adolescente;0.061224489795918;0.75;0.80769230769231
categoria_Saúde e Bem-estar, capacidade_critica_AUMENTOU;fx_idade_adolescente;0.071428571428571;0.77777777777778;0.83760683760684
categoria_Saúde e Bem-estar, capacidade_critica_DIMINUIU;fx_idade_adolescente;0.13265306122449;1;1.0769230769231
capacidade_critica_DIMINUIU, categoria_Segurança e Justiça;fx_idade_adolescente;0.051020408163265;1;1.0769230769231
avaliacao_jogo_Avançado, auto_avaliacao_Casual;fx_idade_adolescente;0.10204081632653;1;1.0769230769231
avaliacao_jogo_Casual, auto_avaliacao_Casual;fx_idade_adolescente;0.071428571428571;1;1.0769230769231
avaliacao_jogo_Proplayer, auto_avaliacao_Casual;fx_idade_adolescente;0.081632653061224;0.88888888888889;0.95726495726496
capacidade_critica_AUMENTOU, auto_avaliacao_Casual;fx_idade_adolescente;0.081632653061224;0.88888888888889;0.95726495726496
capacidade_critica_DIMINUIU, auto_avaliacao_Casual;fx_idade_adolescente;0.18367346938776;1;1.0769230769231
auto_avaliacao_Iniciante, avaliacao_jogo_Avançado;fx_idade_adolescente;0.081632653061224;1;1.0769230769231
auto_avaliacao_Iniciante, avaliacao_jogo_Casual;fx_idade_adolescente;0.081632653061224;0.88888888888889;0.95726495726496
auto_avaliacao_Iniciante, avaliacao_jogo_Proplayer;fx_idade_adolescente;0.12244897959184;0.85714285714286;0.92307692307692
auto_avaliacao_Iniciante, capacidade_critica_AUMENTOU;fx_idade_adolescente;0.16326530612245;0.84210526315789;0.90688259109312
auto_avaliacao_Iniciante, capacidade_critica_DIMINUIU;fx_idade_adolescente;0.1530612244898;1;1.0769230769231
auto_avaliacao_Noob, avaliacao_jogo_Proplayer;fx_idade_adolescente;0.071428571428571;0.875;0.94230769230769
auto_avaliacao_Noob, capacidade_critica_AUMENTOU;fx_idade_adolescente;0.051020408163265;1;1.0769230769231
auto_avaliacao_Noob, capacidade_critica_DIMINUIU;fx_idade_adolescente;0.051020408163265;1;1.0769230769231
auto_avaliacao_Proplayer, avaliacao_jogo_Casual;fx_idade_adolescente;0.071428571428571;1;1.0769230769231
auto_avaliacao_Proplayer, avaliacao_jogo_Proplayer;fx_idade_adolescente;0.071428571428571;0.875;0.94230769230769
auto_avaliacao_Proplayer, capacidade_critica_AUMENTOU;fx_idade_adolescente;0.061224489795918;1;1.0769230769231
capacidade_critica_DIMINUIU, auto_avaliacao_Proplayer;fx_idade_adolescente;0.10204081632653;0.90909090909091;0.97902097902098
avaliacao_jogo_Avançado, capacidade_critica_AUMENTOU;fx_idade_adolescente;0.11224489795918;1;1.0769230769231
capacidade_critica_DIMINUIU, avaliacao_jogo_Avançado;fx_idade_adolescente;0.1734693877551;0.94444444444444;1.017094017094
capacidade_critica_AUMENTOU, avaliacao_jogo_Casual;fx_idade_adolescente;0.051020408163265;0.83333333333333;0.8974358974359
fx_idade_adolescente, avaliacao_jogo_Casual;capacidade_critica_DIMINUIU;0.19387755102041;0.79166666666667;1.4919871794872
capacidade_critica_DIMINUIU, avaliacao_jogo_Casual;fx_idade_adolescente;0.19387755102041;1;1.0769230769231
avaliacao_jogo_Casual;fx_idade_adolescente, capacidade_critica_DIMINUIU;0.19387755102041;0.76;1.4896
avaliacao_jogo_Proplayer, capacidade_critica_AUMENTOU;fx_idade_adolescente;0.20408163265306;0.8695652173913;0.93645484949833
capacidade_critica_DIMINUIU, avaliacao_jogo_Proplayer;fx_idade_adolescente;0.10204081632653;0.90909090909091;0.97902097902098
fx_idade_adolescente, capacidade_critica_MANTEVE;avaliacao_jogo_Proplayer;0.051020408163265;1;2.45
avaliacao_jogo_Proplayer, capacidade_critica_MANTEVE;fx_idade_adolescente;0.051020408163265;0.83333333333333;0.8974358974359
capacidade_critica_MANTEVE;fx_idade_adolescente, avaliacao_jogo_Proplayer;0.051020408163265;0.83333333333333;2.3333333333333
categoria_Economia e Negócios, capacidade_critica_AUMENTOU;avaliacao_jogo_Proplayer;0.051020408163265;0.83333333333333;2.0416666666667
categoria_Economia e Negócios, avaliacao_jogo_Proplayer;capacidade_critica_AUMENTOU;0.051020408163265;1;2.45
categoria_Saúde e Bem-estar, avaliacao_jogo_Proplayer;capacidade_critica_AUMENTOU;0.061224489795918;0.75;1.8375
avaliacao_jogo_Casual, auto_avaliacao_Casual;capacidade_critica_DIMINUIU;0.071428571428571;1;1.8846153846154
auto_avaliacao_Iniciante, avaliacao_jogo_Proplayer;capacidade_critica_AUMENTOU;0.11224489795918;0.78571428571429;1.925
fx_idade_adolescente, categoria_Saúde e Bem-estar, turma_1o. EM IFA LGG/CHS C;escola_Colégio Estadual Almirante Tamandaré;0.071428571428571;1;1.0537634408602
categoria_Saúde e Bem-estar, escola_Colégio Estadual Almirante Tamandaré, turma_1o. EM IFA LGG/CHS C;fx_idade_adolescente;0.071428571428571;0.77777777777778;0.83760683760684
categoria_Saúde e Bem-estar, turma_1o. EM IFA LGG/CHS C;fx_idade_adolescente, escola_Colégio Estadual Almirante Tamandaré;0.071428571428571;0.77777777777778;0.88630490956072
fx_idade_adolescente, turma_1o. EM IFA LGG/CHS C, auto_avaliacao_Casual;escola_Colégio Estadual Almirante Tamandaré;0.061224489795918;1;1.0537634408602
escola_Colégio Estadual Almirante Tamandaré, turma_1o. EM IFA LGG/CHS C, auto_avaliacao_Casual;fx_idade_adolescente;0.061224489795918;0.85714285714286;0.92307692307692
turma_1o. EM IFA LGG/CHS C, auto_avaliacao_Casual;fx_idade_adolescente, escola_Colégio Estadual Almirante Tamandaré;0.061224489795918;0.85714285714286;0.97674418604651
fx_idade_adolescente, turma_1o. EM IFA LGG/CHS C, auto_avaliacao_Iniciante;escola_Colégio Estadual Almirante Tamandaré;0.061224489795918;1;1.0537634408602
fx_idade_adolescente, auto_avaliacao_Proplayer, turma_1o. EM IFA LGG/CHS C;escola_Colégio Estadual Almirante Tamandaré;0.11224489795918;1;1.0537634408602
escola_Colégio Estadual Almirante Tamandaré, auto_avaliacao_Proplayer, turma_1o. EM IFA LGG/CHS C;fx_idade_adolescente;0.11224489795918;1;1.0769230769231
auto_avaliacao_Proplayer, turma_1o. EM IFA LGG/CHS C;fx_idade_adolescente, escola_Colégio Estadual Almirante Tamandaré;0.11224489795918;1;1.1395348837209
fx_idade_adolescente, avaliacao_jogo_Avançado, turma_1o. EM IFA LGG/CHS C;escola_Colégio Estadual Almirante Tamandaré;0.081632653061224;1;1.0537634408602
escola_Colégio Estadual Almirante Tamandaré, avaliacao_jogo_Avançado, turma_1o. EM IFA LGG/CHS C;fx_idade_adolescente;0.081632653061224;1;1.0769230769231
avaliacao_jogo_Avançado, turma_1o. EM IFA LGG/CHS C;fx_idade_adolescente, escola_Colégio Estadual Almirante Tamandaré;0.081632653061224;1;1.1395348837209
fx_idade_adolescente, turma_1o. EM IFA LGG/CHS C, avaliacao_jogo_Casual;escola_Colégio Estadual Almirante Tamandaré;0.051020408163265;1;1.0537634408602
escola_Colégio Estadual Almirante Tamandaré, turma_1o. EM IFA LGG/CHS C, avaliacao_jogo_Casual;fx_idade_adolescente;0.051020408163265;0.83333333333333;0.8974358974359
turma_1o. EM IFA LGG/CHS C, avaliacao_jogo_Casual;fx_idade_adolescente, escola_Colégio Estadual Almirante Tamandaré;0.051020408163265;0.83333333333333;0.94961240310078
fx_idade_adolescente, avaliacao_jogo_Proplayer, turma_1o. EM IFA LGG/CHS C;escola_Colégio Estadual Almirante Tamandaré;0.13265306122449;1;1.0537634408602
escola_Colégio Estadual Almirante Tamandaré, avaliacao_jogo_Proplayer, turma_1o. EM IFA LGG/CHS C;fx_idade_adolescente;0.13265306122449;0.8125;0.875
avaliacao_jogo_Proplayer, turma_1o. EM IFA LGG/CHS C;fx_idade_adolescente, escola_Colégio Estadual Almirante Tamandaré;0.13265306122449;0.8125;0.92587209302326
fx_idade_adolescente, capacidade_critica_AUMENTOU, turma_1o. EM IFA LGG/CHS C;escola_Colégio Estadual Almirante Tamandaré;0.071428571428571;1;1.0537634408602
fx_idade_adolescente, capacidade_critica_DIMINUIU, turma_1o. EM IFA LGG/CHS C;escola_Colégio Estadual Almirante Tamandaré;0.18367346938776;1;1.0537634408602
escola_Colégio Estadual Almirante Tamandaré, turma_1o. EM IFA LGG/CHS C, capacidade_critica_DIMINUIU;fx_idade_adolescente;0.18367346938776;1;1.0769230769231
capacidade_critica_DIMINUIU, turma_1o. EM IFA LGG/CHS C;fx_idade_adolescente, escola_Colégio Estadual Almirante Tamandaré;0.18367346938776;1;1.1395348837209
categoria_Saúde e Bem-estar, avaliacao_jogo_Proplayer, turma_1o. EM IFA LGG/CHS C;escola_Colégio Estadual Almirante Tamandaré;0.051020408163265;1;1.0537634408602
categoria_Saúde e Bem-estar, turma_1o. EM IFA LGG/CHS C, capacidade_critica_DIMINUIU;escola_Colégio Estadual Almirante Tamandaré;0.051020408163265;1;1.0537634408602
auto_avaliacao_Iniciante, escola_Colégio Estadual Almirante Tamandaré, turma_1o. EM IFA LGG/CHS C;avaliacao_jogo_Proplayer;0.071428571428571;0.77777777777778;1.9055555555556
auto_avaliacao_Iniciante, avaliacao_jogo_Proplayer, turma_1o. EM IFA LGG/CHS C;escola_Colégio Estadual Almirante Tamandaré;0.071428571428571;1;1.0537634408602
auto_avaliacao_Iniciante, turma_1o. EM IFA LGG/CHS C;escola_Colégio Estadual Almirante Tamandaré, avaliacao_jogo_Proplayer;0.071428571428571;0.77777777777778;2.0600600600601
auto_avaliacao_Iniciante, capacidade_critica_AUMENTOU, turma_1o. EM IFA LGG/CHS C;escola_Colégio Estadual Almirante Tamandaré;0.051020408163265;1;1.0537634408602
auto_avaliacao_Proplayer, avaliacao_jogo_Proplayer, turma_1o. EM IFA LGG/CHS C;escola_Colégio Estadual Almirante Tamandaré;0.051020408163265;1;1.0537634408602
capacidade_critica_DIMINUIU, auto_avaliacao_Proplayer, turma_1o. EM IFA LGG/CHS C;escola_Colégio Estadual Almirante Tamandaré;0.071428571428571;1;1.0537634408602
escola_Colégio Estadual Almirante Tamandaré, avaliacao_jogo_Avançado, turma_1o. EM IFA LGG/CHS C;capacidade_critica_DIMINUIU;0.071428571428571;0.875;1.6490384615385
avaliacao_jogo_Avançado, turma_1o. EM IFA LGG/CHS C, capacidade_critica_DIMINUIU;escola_Colégio Estadual Almirante Tamandaré;0.071428571428571;1;1.0537634408602
avaliacao_jogo_Avançado, turma_1o. EM IFA LGG/CHS C;escola_Colégio Estadual Almirante Tamandaré, capacidade_critica_DIMINUIU;0.071428571428571;0.875;1.715
escola_Colégio Estadual Almirante Tamandaré, turma_1o. EM IFA LGG/CHS C, avaliacao_jogo_Casual;capacidade_critica_DIMINUIU;0.051020408163265;0.83333333333333;1.5705128205128
capacidade_critica_DIMINUIU, turma_1o. EM IFA LGG/CHS C, avaliacao_jogo_Casual;escola_Colégio Estadual Almirante Tamandaré;0.051020408163265;1;1.0537634408602
turma_1o. EM IFA LGG/CHS C, avaliacao_jogo_Casual;escola_Colégio Estadual Almirante Tamandaré, capacidade_critica_DIMINUIU;0.051020408163265;0.83333333333333;1.6333333333333
escola_Colégio Estadual Almirante Tamandaré, capacidade_critica_AUMENTOU, turma_1o. EM IFA LGG/CHS C;avaliacao_jogo_Proplayer;0.091836734693878;0.81818181818182;2.0045454545455
avaliacao_jogo_Proplayer, capacidade_critica_AUMENTOU, turma_1o. EM IFA LGG/CHS C;escola_Colégio Estadual Almirante Tamandaré;0.091836734693878;1;1.0537634408602
capacidade_critica_AUMENTOU, turma_1o. EM IFA LGG/CHS C;escola_Colégio Estadual Almirante Tamandaré, avaliacao_jogo_Proplayer;0.091836734693878;0.81818181818182;2.1670761670762
capacidade_critica_DIMINUIU, avaliacao_jogo_Proplayer, turma_1o. EM IFA LGG/CHS C;escola_Colégio Estadual Almirante Tamandaré;0.051020408163265;1;1.0537634408602
fx_idade_adolescente, categoria_Saúde e Bem-estar, turma_1o. EM IFA LGG/CHS D;escola_Colégio Estadual Almirante Tamandaré;0.071428571428571;1;1.0537634408602
turma_1o. EM IFA LGG/CHS D, categoria_Saúde e Bem-estar, escola_Colégio Estadual Almirante Tamandaré;fx_idade_adolescente;0.071428571428571;1;1.0769230769231
turma_1o. EM IFA LGG/CHS D, categoria_Saúde e Bem-estar;fx_idade_adolescente, escola_Colégio Estadual Almirante Tamandaré;0.071428571428571;1;1.1395348837209
fx_idade_adolescente, turma_1o. EM IFA LGG/CHS D, auto_avaliacao_Casual;escola_Colégio Estadual Almirante Tamandaré;0.061224489795918;1;1.0537634408602
turma_1o. EM IFA LGG/CHS D, escola_Colégio Estadual Almirante Tamandaré, auto_avaliacao_Casual;fx_idade_adolescente;0.061224489795918;1;1.0769230769231
turma_1o. EM IFA LGG/CHS D, auto_avaliacao_Casual;fx_idade_adolescente, escola_Colégio Estadual Almirante Tamandaré;0.061224489795918;1;1.1395348837209
auto_avaliacao_Iniciante, escola_Colégio Estadual Almirante Tamandaré, turma_1o. EM IFA LGG/CHS D;fx_idade_adolescente;0.11224489795918;1;1.0769230769231
auto_avaliacao_Iniciante, turma_1o. EM IFA LGG/CHS D, fx_idade_adolescente;escola_Colégio Estadual Almirante Tamandaré;0.11224489795918;1;1.0537634408602
auto_avaliacao_Iniciante, turma_1o. EM IFA LGG/CHS D;fx_idade_adolescente, escola_Colégio Estadual Almirante Tamandaré;0.11224489795918;1;1.1395348837209
auto_avaliacao_Noob, escola_Colégio Estadual Almirante Tamandaré, turma_1o. EM IFA LGG/CHS D;fx_idade_adolescente;0.071428571428571;0.875;0.94230769230769
auto_avaliacao_Noob, turma_1o. EM IFA LGG/CHS D, fx_idade_adolescente;escola_Colégio Estadual Almirante Tamandaré;0.071428571428571;1;1.0537634408602
auto_avaliacao_Noob, turma_1o. EM IFA LGG/CHS D;fx_idade_adolescente, escola_Colégio Estadual Almirante Tamandaré;0.071428571428571;0.875;0.99709302325581
fx_idade_adolescente, avaliacao_jogo_Avançado, turma_1o. EM IFA LGG/CHS D;escola_Colégio Estadual Almirante Tamandaré;0.081632653061224;1;1.0537634408602
turma_1o. EM IFA LGG/CHS D, escola_Colégio Estadual Almirante Tamandaré, avaliacao_jogo_Avançado;fx_idade_adolescente;0.081632653061224;1;1.0769230769231
turma_1o. EM IFA LGG/CHS D, avaliacao_jogo_Avançado;fx_idade_adolescente, escola_Colégio Estadual Almirante Tamandaré;0.081632653061224;1;1.1395348837209
fx_idade_adolescente, turma_1o. EM IFA LGG/CHS D, avaliacao_jogo_Casual;escola_Colégio Estadual Almirante Tamandaré;0.10204081632653;1;1.0537634408602
turma_1o. EM IFA LGG/CHS D, escola_Colégio Estadual Almirante Tamandaré, avaliacao_jogo_Casual;fx_idade_adolescente;0.10204081632653;1;1.0769230769231
turma_1o. EM IFA LGG/CHS D, avaliacao_jogo_Casual;fx_idade_adolescente, escola_Colégio Estadual Almirante Tamandaré;0.10204081632653;1;1.1395348837209
fx_idade_adolescente, turma_1o. EM IFA LGG/CHS D, avaliacao_jogo_Proplayer;escola_Colégio Estadual Almirante Tamandaré;0.081632653061224;1;1.0537634408602
turma_1o. EM IFA LGG/CHS D, escola_Colégio Estadual Almirante Tamandaré, avaliacao_jogo_Proplayer;fx_idade_adolescente;0.081632653061224;0.88888888888889;0.95726495726496
turma_1o. EM IFA LGG/CHS D, avaliacao_jogo_Proplayer;fx_idade_adolescente, escola_Colégio Estadual Almirante Tamandaré;0.081632653061224;0.88888888888889;1.0129198966408
fx_idade_adolescente, turma_1o. EM IFA LGG/CHS D, capacidade_critica_AUMENTOU;escola_Colégio Estadual Almirante Tamandaré;0.11224489795918;1;1.0537634408602
turma_1o. EM IFA LGG/CHS D, escola_Colégio Estadual Almirante Tamandaré, capacidade_critica_AUMENTOU;fx_idade_adolescente;0.11224489795918;1;1.0769230769231
turma_1o. EM IFA LGG/CHS D, capacidade_critica_AUMENTOU;fx_idade_adolescente, escola_Colégio Estadual Almirante Tamandaré;0.11224489795918;1;1.1395348837209
fx_idade_adolescente, capacidade_critica_DIMINUIU, turma_1o. EM IFA LGG/CHS D;escola_Colégio Estadual Almirante Tamandaré;0.1530612244898;1;1.0537634408602
turma_1o. EM IFA LGG/CHS D, escola_Colégio Estadual Almirante Tamandaré, capacidade_critica_DIMINUIU;fx_idade_adolescente;0.1530612244898;1;1.0769230769231
turma_1o. EM IFA LGG/CHS D, capacidade_critica_DIMINUIU;fx_idade_adolescente, escola_Colégio Estadual Almirante Tamandaré;0.1530612244898;1;1.1395348837209
turma_1o. EM IFA LGG/CHS D, categoria_Saúde e Bem-estar, escola_Colégio Estadual Almirante Tamandaré;capacidade_critica_DIMINUIU;0.061224489795918;0.85714285714286;1.6153846153846
turma_1o. EM IFA LGG/CHS D, categoria_Saúde e Bem-estar, capacidade_critica_DIMINUIU;escola_Colégio Estadual Almirante Tamandaré;0.061224489795918;1;1.0537634408602
turma_1o. EM IFA LGG/CHS D, categoria_Saúde e Bem-estar;escola_Colégio Estadual Almirante Tamandaré, capacidade_critica_DIMINUIU;0.061224489795918;0.85714285714286;1.68
auto_avaliacao_Iniciante, turma_1o. EM IFA LGG/CHS D, avaliacao_jogo_Casual;escola_Colégio Estadual Almirante Tamandaré;0.051020408163265;1;1.0537634408602
auto_avaliacao_Iniciante, turma_1o. EM IFA LGG/CHS D, capacidade_critica_AUMENTOU;escola_Colégio Estadual Almirante Tamandaré;0.051020408163265;1;1.0537634408602
auto_avaliacao_Iniciante, capacidade_critica_DIMINUIU, turma_1o. EM IFA LGG/CHS D;escola_Colégio Estadual Almirante Tamandaré;0.061224489795918;1;1.0537634408602
auto_avaliacao_Noob, turma_1o. EM IFA LGG/CHS D, avaliacao_jogo_Proplayer;escola_Colégio Estadual Almirante Tamandaré;0.051020408163265;1;1.0537634408602
turma_1o. EM IFA LGG/CHS D, capacidade_critica_DIMINUIU, avaliacao_jogo_Casual;escola_Colégio Estadual Almirante Tamandaré;0.071428571428571;1;1.0537634408602
fx_idade_adolescente, turma_1o.Tec.Enf. - ET AS - B, auto_avaliacao_Casual;escola_Colégio Estadual Almirante Tamandaré;0.10204081632653;1;1.0537634408602
escola_Colégio Estadual Almirante Tamandaré, turma_1o.Tec.Enf. - ET AS - B, auto_avaliacao_Casual;fx_idade_adolescente;0.10204081632653;1;1.0769230769231
turma_1o.Tec.Enf. - ET AS - B, auto_avaliacao_Casual;fx_idade_adolescente, escola_Colégio Estadual Almirante Tamandaré;0.10204081632653;1;1.1395348837209
auto_avaliacao_Iniciante, escola_Colégio Estadual Almirante Tamandaré, turma_1o.Tec.Enf. - ET AS - B;fx_idade_adolescente;0.071428571428571;1;1.0769230769231
auto_avaliacao_Iniciante, turma_1o.Tec.Enf. - ET AS - B, fx_idade_adolescente;escola_Colégio Estadual Almirante Tamandaré;0.071428571428571;1;1.0537634408602
auto_avaliacao_Iniciante, turma_1o.Tec.Enf. - ET AS - B;fx_idade_adolescente, escola_Colégio Estadual Almirante Tamandaré;0.071428571428571;1;1.1395348837209
fx_idade_adolescente, avaliacao_jogo_Avançado, turma_1o.Tec.Enf. - ET AS - B;escola_Colégio Estadual Almirante Tamandaré;0.071428571428571;1;1.0537634408602
escola_Colégio Estadual Almirante Tamandaré, turma_1o.Tec.Enf. - ET AS - B, avaliacao_jogo_Avançado;fx_idade_adolescente;0.071428571428571;1;1.0769230769231
avaliacao_jogo_Avançado, turma_1o.Tec.Enf. - ET AS - B;fx_idade_adolescente, escola_Colégio Estadual Almirante Tamandaré;0.071428571428571;1;1.1395348837209
fx_idade_adolescente, turma_1o.Tec.Enf. - ET AS - B, avaliacao_jogo_Casual;escola_Colégio Estadual Almirante Tamandaré;0.061224489795918;1;1.0537634408602
escola_Colégio Estadual Almirante Tamandaré, turma_1o.Tec.Enf. - ET AS - B, avaliacao_jogo_Casual;fx_idade_adolescente;0.061224489795918;1;1.0769230769231
turma_1o.Tec.Enf. - ET AS - B, avaliacao_jogo_Casual;fx_idade_adolescente, escola_Colégio Estadual Almirante Tamandaré;0.061224489795918;1;1.1395348837209
fx_idade_adolescente, turma_1o.Tec.Enf. - ET AS - B, avaliacao_jogo_Proplayer;escola_Colégio Estadual Almirante Tamandaré;0.061224489795918;1;1.0537634408602
escola_Colégio Estadual Almirante Tamandaré, turma_1o.Tec.Enf. - ET AS - B, avaliacao_jogo_Proplayer;fx_idade_adolescente;0.061224489795918;0.85714285714286;0.92307692307692
turma_1o.Tec.Enf. - ET AS - B, avaliacao_jogo_Proplayer;fx_idade_adolescente, escola_Colégio Estadual Almirante Tamandaré;0.061224489795918;0.85714285714286;0.97674418604651
fx_idade_adolescente, turma_1o.Tec.Enf. - ET AS - B, capacidade_critica_AUMENTOU;escola_Colégio Estadual Almirante Tamandaré;0.081632653061224;1;1.0537634408602
escola_Colégio Estadual Almirante Tamandaré, turma_1o.Tec.Enf. - ET AS - B, capacidade_critica_AUMENTOU;fx_idade_adolescente;0.081632653061224;1;1.0769230769231
turma_1o.Tec.Enf. - ET AS - B, capacidade_critica_AUMENTOU;fx_idade_adolescente, escola_Colégio Estadual Almirante Tamandaré;0.081632653061224;1;1.1395348837209
fx_idade_adolescente, capacidade_critica_DIMINUIU, turma_1o.Tec.Enf. - ET AS - B;escola_Colégio Estadual Almirante Tamandaré;0.11224489795918;1;1.0537634408602
escola_Colégio Estadual Almirante Tamandaré, turma_1o.Tec.Enf. - ET AS - B, capacidade_critica_DIMINUIU;fx_idade_adolescente;0.11224489795918;0.91666666666667;0.98717948717949
capacidade_critica_DIMINUIU, turma_1o.Tec.Enf. - ET AS - B;fx_idade_adolescente, escola_Colégio Estadual Almirante Tamandaré;0.11224489795918;0.91666666666667;1.0445736434109
capacidade_critica_DIMINUIU, turma_1o.Tec.Enf. - ET AS - B, auto_avaliacao_Casual;escola_Colégio Estadual Almirante Tamandaré;0.071428571428571;1;1.0537634408602
escola_Colégio Estadual Almirante Tamandaré, turma_1o.Tec.Enf. - ET AS - B, avaliacao_jogo_Casual;capacidade_critica_DIMINUIU;0.061224489795918;1;1.8846153846154
capacidade_critica_DIMINUIU, turma_1o.Tec.Enf. - ET AS - B, avaliacao_jogo_Casual;escola_Colégio Estadual Almirante Tamandaré;0.061224489795918;1;1.0537634408602
turma_1o.Tec.Enf. - ET AS - B, avaliacao_jogo_Casual;escola_Colégio Estadual Almirante Tamandaré, capacidade_critica_DIMINUIU;0.061224489795918;1;1.96
fx_idade_adolescente, turma_NEM EPT IF TEC ENFERM-ET AS - B Manhã, auto_avaliacao_Iniciante;escola_Colégio Estadual Almirante Tamandaré;0.061224489795918;1;1.0537634408602
auto_avaliacao_Iniciante, turma_NEM EPT IF TEC ENFERM-ET AS - B Manhã, escola_Colégio Estadual Almirante Tamandaré;fx_idade_adolescente;0.061224489795918;1;1.0769230769231
auto_avaliacao_Iniciante, turma_NEM EPT IF TEC ENFERM-ET AS - B Manhã;fx_idade_adolescente, escola_Colégio Estadual Almirante Tamandaré;0.061224489795918;1;1.1395348837209
fx_idade_adolescente, turma_NEM EPT IF TEC ENFERM-ET AS - B Manhã, avaliacao_jogo_Proplayer;escola_Colégio Estadual Almirante Tamandaré;0.051020408163265;1;1.0537634408602
turma_NEM EPT IF TEC ENFERM-ET AS - B Manhã, escola_Colégio Estadual Almirante Tamandaré, avaliacao_jogo_Proplayer;fx_idade_adolescente;0.051020408163265;1;1.0769230769231
turma_NEM EPT IF TEC ENFERM-ET AS - B Manhã, avaliacao_jogo_Proplayer;fx_idade_adolescente, escola_Colégio Estadual Almirante Tamandaré;0.051020408163265;1;1.1395348837209
fx_idade_adolescente, turma_NEM EPT IF TEC ENFERM-ET AS - B Manhã, capacidade_critica_AUMENTOU;escola_Colégio Estadual Almirante Tamandaré;0.071428571428571;1;1.0537634408602
turma_NEM EPT IF TEC ENFERM-ET AS - B Manhã, escola_Colégio Estadual Almirante Tamandaré, capacidade_critica_AUMENTOU;fx_idade_adolescente;0.071428571428571;1;1.0769230769231
turma_NEM EPT IF TEC ENFERM-ET AS - B Manhã, capacidade_critica_AUMENTOU;fx_idade_adolescente, escola_Colégio Estadual Almirante Tamandaré;0.071428571428571;1;1.1395348837209
fx_idade_adolescente, escola_Colégio Estadual Almirante Tamandaré, categoria_Direitos Humanos;capacidade_critica_DIMINUIU;0.071428571428571;0.875;1.6490384615385
fx_idade_adolescente, capacidade_critica_DIMINUIU, categoria_Direitos Humanos;escola_Colégio Estadual Almirante Tamandaré;0.071428571428571;0.875;0.92204301075269
escola_Colégio Estadual Almirante Tamandaré, categoria_Direitos Humanos, capacidade_critica_DIMINUIU;fx_idade_adolescente;0.071428571428571;1;1.0769230769231
escola_Colégio Estadual Almirante Tamandaré, categoria_Direitos Humanos;fx_idade_adolescente, capacidade_critica_DIMINUIU;0.071428571428571;0.77777777777778;1.5244444444444
capacidade_critica_DIMINUIU, categoria_Direitos Humanos;fx_idade_adolescente, escola_Colégio Estadual Almirante Tamandaré;0.071428571428571;0.875;0.99709302325581
fx_idade_adolescente, escola_Colégio Estadual Almirante Tamandaré, categoria_Economia e Negócios;capacidade_critica_AUMENTOU;0.051020408163265;0.83333333333333;2.0416666666667
fx_idade_adolescente, categoria_Economia e Negócios, capacidade_critica_AUMENTOU;escola_Colégio Estadual Almirante Tamandaré;0.051020408163265;0.83333333333333;0.87813620071685
escola_Colégio Estadual Almirante Tamandaré, categoria_Economia e Negócios, capacidade_critica_AUMENTOU;fx_idade_adolescente;0.051020408163265;1;1.0769230769231
escola_Colégio Estadual Almirante Tamandaré, categoria_Economia e Negócios;fx_idade_adolescente, capacidade_critica_AUMENTOU;0.051020408163265;0.83333333333333;2.2685185185185
categoria_Economia e Negócios, capacidade_critica_AUMENTOU;fx_idade_adolescente, escola_Colégio Estadual Almirante Tamandaré;0.051020408163265;0.83333333333333;0.94961240310078
fx_idade_adolescente, capacidade_critica_DIMINUIU, categoria_Política;escola_Colégio Estadual Almirante Tamandaré;0.051020408163265;1;1.0537634408602
escola_Colégio Estadual Almirante Tamandaré, capacidade_critica_DIMINUIU, categoria_Política;fx_idade_adolescente;0.051020408163265;1;1.0769230769231
capacidade_critica_DIMINUIU, categoria_Política;fx_idade_adolescente, escola_Colégio Estadual Almirante Tamandaré;0.051020408163265;1;1.1395348837209
fx_idade_adolescente, categoria_Saúde e Bem-estar, auto_avaliacao_Casual;escola_Colégio Estadual Almirante Tamandaré;0.071428571428571;1;1.0537634408602
categoria_Saúde e Bem-estar, escola_Colégio Estadual Almirante Tamandaré, auto_avaliacao_Casual;fx_idade_adolescente;0.071428571428571;0.875;0.94230769230769
categoria_Saúde e Bem-estar, auto_avaliacao_Casual;fx_idade_adolescente, escola_Colégio Estadual Almirante Tamandaré;0.071428571428571;0.875;0.99709302325581
auto_avaliacao_Iniciante, escola_Colégio Estadual Almirante Tamandaré, categoria_Saúde e Bem-estar;fx_idade_adolescente;0.071428571428571;0.875;0.94230769230769
auto_avaliacao_Iniciante, categoria_Saúde e Bem-estar, fx_idade_adolescente;escola_Colégio Estadual Almirante Tamandaré;0.071428571428571;1;1.0537634408602
auto_avaliacao_Iniciante, categoria_Saúde e Bem-estar;fx_idade_adolescente, escola_Colégio Estadual Almirante Tamandaré;0.071428571428571;0.875;0.99709302325581
fx_idade_adolescente, categoria_Saúde e Bem-estar, auto_avaliacao_Proplayer;escola_Colégio Estadual Almirante Tamandaré;0.051020408163265;1;1.0537634408602
categoria_Saúde e Bem-estar, escola_Colégio Estadual Almirante Tamandaré, auto_avaliacao_Proplayer;fx_idade_adolescente;0.051020408163265;1;1.0769230769231
categoria_Saúde e Bem-estar, auto_avaliacao_Proplayer;fx_idade_adolescente, escola_Colégio Estadual Almirante Tamandaré;0.051020408163265;1;1.1395348837209
fx_idade_adolescente, categoria_Saúde e Bem-estar, avaliacao_jogo_Avançado;escola_Colégio Estadual Almirante Tamandaré;0.071428571428571;1;1.0537634408602
categoria_Saúde e Bem-estar, escola_Colégio Estadual Almirante Tamandaré, avaliacao_jogo_Avançado;fx_idade_adolescente;0.071428571428571;1;1.0769230769231
categoria_Saúde e Bem-estar, avaliacao_jogo_Avançado;fx_idade_adolescente, escola_Colégio Estadual Almirante Tamandaré;0.071428571428571;1;1.1395348837209
fx_idade_adolescente, categoria_Saúde e Bem-estar, avaliacao_jogo_Proplayer;escola_Colégio Estadual Almirante Tamandaré;0.061224489795918;1;1.0537634408602
categoria_Saúde e Bem-estar, escola_Colégio Estadual Almirante Tamandaré, avaliacao_jogo_Proplayer;fx_idade_adolescente;0.061224489795918;0.75;0.80769230769231
categoria_Saúde e Bem-estar, avaliacao_jogo_Proplayer;fx_idade_adolescente, escola_Colégio Estadual Almirante Tamandaré;0.061224489795918;0.75;0.8546511627907
fx_idade_adolescente, categoria_Saúde e Bem-estar, capacidade_critica_AUMENTOU;escola_Colégio Estadual Almirante Tamandaré;0.071428571428571;1;1.0537634408602
categoria_Saúde e Bem-estar, escola_Colégio Estadual Almirante Tamandaré, capacidade_critica_AUMENTOU;fx_idade_adolescente;0.071428571428571;0.77777777777778;0.83760683760684
categoria_Saúde e Bem-estar, capacidade_critica_AUMENTOU;fx_idade_adolescente, escola_Colégio Estadual Almirante Tamandaré;0.071428571428571;0.77777777777778;0.88630490956072
fx_idade_adolescente, categoria_Saúde e Bem-estar, capacidade_critica_DIMINUIU;escola_Colégio Estadual Almirante Tamandaré;0.13265306122449;1;1.0537634408602
categoria_Saúde e Bem-estar, escola_Colégio Estadual Almirante Tamandaré, capacidade_critica_DIMINUIU;fx_idade_adolescente;0.13265306122449;1;1.0769230769231
categoria_Saúde e Bem-estar, capacidade_critica_DIMINUIU;fx_idade_adolescente, escola_Colégio Estadual Almirante Tamandaré;0.13265306122449;1;1.1395348837209
fx_idade_adolescente, capacidade_critica_DIMINUIU, categoria_Segurança e Justiça;escola_Colégio Estadual Almirante Tamandaré;0.051020408163265;1;1.0537634408602
escola_Colégio Estadual Almirante Tamandaré, categoria_Segurança e Justiça, capacidade_critica_DIMINUIU;fx_idade_adolescente;0.051020408163265;1;1.0769230769231
capacidade_critica_DIMINUIU, categoria_Segurança e Justiça;fx_idade_adolescente, escola_Colégio Estadual Almirante Tamandaré;0.051020408163265;1;1.1395348837209
fx_idade_adolescente, avaliacao_jogo_Avançado, auto_avaliacao_Casual;escola_Colégio Estadual Almirante Tamandaré;0.081632653061224;0.8;0.84301075268817
escola_Colégio Estadual Almirante Tamandaré, avaliacao_jogo_Avançado, auto_avaliacao_Casual;fx_idade_adolescente;0.081632653061224;1;1.0769230769231
avaliacao_jogo_Avançado, auto_avaliacao_Casual;fx_idade_adolescente, escola_Colégio Estadual Almirante Tamandaré;0.081632653061224;0.8;0.91162790697674
fx_idade_adolescente, avaliacao_jogo_Casual, auto_avaliacao_Casual;escola_Colégio Estadual Almirante Tamandaré;0.071428571428571;1;1.0537634408602
escola_Colégio Estadual Almirante Tamandaré, avaliacao_jogo_Casual, auto_avaliacao_Casual;fx_idade_adolescente;0.071428571428571;1;1.0769230769231
avaliacao_jogo_Casual, auto_avaliacao_Casual;fx_idade_adolescente, escola_Colégio Estadual Almirante Tamandaré;0.071428571428571;1;1.1395348837209
fx_idade_adolescente, avaliacao_jogo_Proplayer, auto_avaliacao_Casual;escola_Colégio Estadual Almirante Tamandaré;0.071428571428571;0.875;0.92204301075269
escola_Colégio Estadual Almirante Tamandaré, avaliacao_jogo_Proplayer, auto_avaliacao_Casual;fx_idade_adolescente;0.071428571428571;0.875;0.94230769230769
avaliacao_jogo_Proplayer, auto_avaliacao_Casual;fx_idade_adolescente, escola_Colégio Estadual Almirante Tamandaré;0.071428571428571;0.77777777777778;0.88630490956072
fx_idade_adolescente, capacidade_critica_AUMENTOU, auto_avaliacao_Casual;escola_Colégio Estadual Almirante Tamandaré;0.071428571428571;0.875;0.92204301075269
escola_Colégio Estadual Almirante Tamandaré, capacidade_critica_AUMENTOU, auto_avaliacao_Casual;fx_idade_adolescente;0.071428571428571;0.875;0.94230769230769
capacidade_critica_AUMENTOU, auto_avaliacao_Casual;fx_idade_adolescente, escola_Colégio Estadual Almirante Tamandaré;0.071428571428571;0.77777777777778;0.88630490956072
fx_idade_adolescente, capacidade_critica_DIMINUIU, auto_avaliacao_Casual;escola_Colégio Estadual Almirante Tamandaré;0.16326530612245;0.88888888888889;0.93667861409797
escola_Colégio Estadual Almirante Tamandaré, auto_avaliacao_Casual, capacidade_critica_DIMINUIU;fx_idade_adolescente;0.16326530612245;1;1.0769230769231
capacidade_critica_DIMINUIU, auto_avaliacao_Casual;fx_idade_adolescente, escola_Colégio Estadual Almirante Tamandaré;0.16326530612245;0.88888888888889;1.0129198966408
auto_avaliacao_Iniciante, escola_Colégio Estadual Almirante Tamandaré, avaliacao_jogo_Avançado;fx_idade_adolescente;0.081632653061224;1;1.0769230769231
auto_avaliacao_Iniciante, avaliacao_jogo_Avançado, fx_idade_adolescente;escola_Colégio Estadual Almirante Tamandaré;0.081632653061224;1;1.0537634408602
auto_avaliacao_Iniciante, avaliacao_jogo_Avançado;fx_idade_adolescente, escola_Colégio Estadual Almirante Tamandaré;0.081632653061224;1;1.1395348837209
auto_avaliacao_Iniciante, escola_Colégio Estadual Almirante Tamandaré, avaliacao_jogo_Casual;fx_idade_adolescente;0.081632653061224;0.88888888888889;0.95726495726496
auto_avaliacao_Iniciante, fx_idade_adolescente, avaliacao_jogo_Casual;escola_Colégio Estadual Almirante Tamandaré;0.081632653061224;1;1.0537634408602
auto_avaliacao_Iniciante, avaliacao_jogo_Casual;fx_idade_adolescente, escola_Colégio Estadual Almirante Tamandaré;0.081632653061224;0.88888888888889;1.0129198966408
auto_avaliacao_Iniciante, escola_Colégio Estadual Almirante Tamandaré, avaliacao_jogo_Proplayer;fx_idade_adolescente;0.11224489795918;0.84615384615385;0.9112426035503
auto_avaliacao_Iniciante, avaliacao_jogo_Proplayer, fx_idade_adolescente;escola_Colégio Estadual Almirante Tamandaré;0.11224489795918;0.91666666666667;0.96594982078853
auto_avaliacao_Iniciante, avaliacao_jogo_Proplayer;fx_idade_adolescente, escola_Colégio Estadual Almirante Tamandaré;0.11224489795918;0.78571428571429;0.8953488372093
auto_avaliacao_Iniciante, escola_Colégio Estadual Almirante Tamandaré, capacidade_critica_AUMENTOU;fx_idade_adolescente;0.1530612244898;0.83333333333333;0.8974358974359
auto_avaliacao_Iniciante, capacidade_critica_AUMENTOU, fx_idade_adolescente;escola_Colégio Estadual Almirante Tamandaré;0.1530612244898;0.9375;0.98790322580645
auto_avaliacao_Iniciante, capacidade_critica_AUMENTOU;fx_idade_adolescente, escola_Colégio Estadual Almirante Tamandaré;0.1530612244898;0.78947368421053;0.89963280293758
auto_avaliacao_Iniciante, escola_Colégio Estadual Almirante Tamandaré, capacidade_critica_DIMINUIU;fx_idade_adolescente;0.1530612244898;1;1.0769230769231
auto_avaliacao_Iniciante, capacidade_critica_DIMINUIU, fx_idade_adolescente;escola_Colégio Estadual Almirante Tamandaré;0.1530612244898;1;1.0537634408602
auto_avaliacao_Iniciante, capacidade_critica_DIMINUIU;fx_idade_adolescente, escola_Colégio Estadual Almirante Tamandaré;0.1530612244898;1;1.1395348837209
auto_avaliacao_Noob, escola_Colégio Estadual Almirante Tamandaré, avaliacao_jogo_Proplayer;fx_idade_adolescente;0.061224489795918;0.85714285714286;0.92307692307692
auto_avaliacao_Noob, avaliacao_jogo_Proplayer, fx_idade_adolescente;escola_Colégio Estadual Almirante Tamandaré;0.061224489795918;0.85714285714286;0.90322580645161
auto_avaliacao_Noob, avaliacao_jogo_Proplayer;fx_idade_adolescente, escola_Colégio Estadual Almirante Tamandaré;0.061224489795918;0.75;0.8546511627907
auto_avaliacao_Noob, escola_Colégio Estadual Almirante Tamandaré, capacidade_critica_DIMINUIU;fx_idade_adolescente;0.051020408163265;1;1.0769230769231
auto_avaliacao_Noob, capacidade_critica_DIMINUIU, fx_idade_adolescente;escola_Colégio Estadual Almirante Tamandaré;0.051020408163265;1;1.0537634408602
auto_avaliacao_Noob, capacidade_critica_DIMINUIU;fx_idade_adolescente, escola_Colégio Estadual Almirante Tamandaré;0.051020408163265;1;1.1395348837209
fx_idade_adolescente, auto_avaliacao_Proplayer, avaliacao_jogo_Casual;escola_Colégio Estadual Almirante Tamandaré;0.071428571428571;1;1.0537634408602
escola_Colégio Estadual Almirante Tamandaré, auto_avaliacao_Proplayer, avaliacao_jogo_Casual;fx_idade_adolescente;0.071428571428571;1;1.0769230769231
auto_avaliacao_Proplayer, avaliacao_jogo_Casual;fx_idade_adolescente, escola_Colégio Estadual Almirante Tamandaré;0.071428571428571;1;1.1395348837209
fx_idade_adolescente, auto_avaliacao_Proplayer, avaliacao_jogo_Proplayer;escola_Colégio Estadual Almirante Tamandaré;0.071428571428571;1;1.0537634408602
escola_Colégio Estadual Almirante Tamandaré, auto_avaliacao_Proplayer, avaliacao_jogo_Proplayer;fx_idade_adolescente;0.071428571428571;0.875;0.94230769230769
auto_avaliacao_Proplayer, avaliacao_jogo_Proplayer;fx_idade_adolescente, escola_Colégio Estadual Almirante Tamandaré;0.071428571428571;0.875;0.99709302325581
fx_idade_adolescente, auto_avaliacao_Proplayer, capacidade_critica_AUMENTOU;escola_Colégio Estadual Almirante Tamandaré;0.061224489795918;1;1.0537634408602
escola_Colégio Estadual Almirante Tamandaré, auto_avaliacao_Proplayer, capacidade_critica_AUMENTOU;fx_idade_adolescente;0.061224489795918;1;1.0769230769231
auto_avaliacao_Proplayer, capacidade_critica_AUMENTOU;fx_idade_adolescente, escola_Colégio Estadual Almirante Tamandaré;0.061224489795918;1;1.1395348837209
fx_idade_adolescente, capacidade_critica_DIMINUIU, auto_avaliacao_Proplayer;escola_Colégio Estadual Almirante Tamandaré;0.10204081632653;1;1.0537634408602
escola_Colégio Estadual Almirante Tamandaré, auto_avaliacao_Proplayer, capacidade_critica_DIMINUIU;fx_idade_adolescente;0.10204081632653;0.90909090909091;0.97902097902098
capacidade_critica_DIMINUIU, auto_avaliacao_Proplayer;fx_idade_adolescente, escola_Colégio Estadual Almirante Tamandaré;0.10204081632653;0.90909090909091;1.0359408033827
fx_idade_adolescente, avaliacao_jogo_Avançado, capacidade_critica_AUMENTOU;escola_Colégio Estadual Almirante Tamandaré;0.10204081632653;0.90909090909091;0.95796676441838
escola_Colégio Estadual Almirante Tamandaré, capacidade_critica_AUMENTOU, avaliacao_jogo_Avançado;fx_idade_adolescente;0.10204081632653;1;1.0769230769231
avaliacao_jogo_Avançado, capacidade_critica_AUMENTOU;fx_idade_adolescente, escola_Colégio Estadual Almirante Tamandaré;0.10204081632653;0.90909090909091;1.0359408033827
fx_idade_adolescente, avaliacao_jogo_Avançado, capacidade_critica_DIMINUIU;escola_Colégio Estadual Almirante Tamandaré;0.16326530612245;0.94117647058824;0.99177735610373
escola_Colégio Estadual Almirante Tamandaré, avaliacao_jogo_Avançado, capacidade_critica_DIMINUIU;fx_idade_adolescente;0.16326530612245;0.94117647058824;1.0135746606335
avaliacao_jogo_Avançado, capacidade_critica_DIMINUIU;fx_idade_adolescente, escola_Colégio Estadual Almirante Tamandaré;0.16326530612245;0.88888888888889;1.0129198966408
fx_idade_adolescente, capacidade_critica_AUMENTOU, avaliacao_jogo_Casual;escola_Colégio Estadual Almirante Tamandaré;0.051020408163265;1;1.0537634408602
escola_Colégio Estadual Almirante Tamandaré, capacidade_critica_AUMENTOU, avaliacao_jogo_Casual;fx_idade_adolescente;0.051020408163265;0.83333333333333;0.8974358974359
capacidade_critica_AUMENTOU, avaliacao_jogo_Casual;fx_idade_adolescente, escola_Colégio Estadual Almirante Tamandaré;0.051020408163265;0.83333333333333;0.94961240310078
fx_idade_adolescente, escola_Colégio Estadual Almirante Tamandaré, avaliacao_jogo_Casual;capacidade_critica_DIMINUIU;0.19387755102041;0.79166666666667;1.4919871794872
fx_idade_adolescente, capacidade_critica_DIMINUIU, avaliacao_jogo_Casual;escola_Colégio Estadual Almirante Tamandaré;0.19387755102041;1;1.0537634408602
escola_Colégio Estadual Almirante Tamandaré, avaliacao_jogo_Casual, capacidade_critica_DIMINUIU;fx_idade_adolescente;0.19387755102041;1;1.0769230769231
fx_idade_adolescente, avaliacao_jogo_Casual;escola_Colégio Estadual Almirante Tamandaré, capacidade_critica_DIMINUIU;0.19387755102041;0.79166666666667;1.5516666666667
escola_Colégio Estadual Almirante Tamandaré, avaliacao_jogo_Casual;fx_idade_adolescente, capacidade_critica_DIMINUIU;0.19387755102041;0.76;1.4896
capacidade_critica_DIMINUIU, avaliacao_jogo_Casual;fx_idade_adolescente, escola_Colégio Estadual Almirante Tamandaré;0.19387755102041;1;1.1395348837209
avaliacao_jogo_Casual;fx_idade_adolescente, escola_Colégio Estadual Almirante Tamandaré, capacidade_critica_DIMINUIU;0.19387755102041;0.76;1.5516666666667
fx_idade_adolescente, avaliacao_jogo_Proplayer, capacidade_critica_AUMENTOU;escola_Colégio Estadual Almirante Tamandaré;0.18367346938776;0.9;0.94838709677419
escola_Colégio Estadual Almirante Tamandaré, avaliacao_jogo_Proplayer, capacidade_critica_AUMENTOU;fx_idade_adolescente;0.18367346938776;0.85714285714286;0.92307692307692
avaliacao_jogo_Proplayer, capacidade_critica_AUMENTOU;fx_idade_adolescente, escola_Colégio Estadual Almirante Tamandaré;0.18367346938776;0.78260869565217;0.89180990899899
fx_idade_adolescente, capacidade_critica_DIMINUIU, avaliacao_jogo_Proplayer;escola_Colégio Estadual Almirante Tamandaré;0.091836734693878;0.9;0.94838709677419
escola_Colégio Estadual Almirante Tamandaré, avaliacao_jogo_Proplayer, capacidade_critica_DIMINUIU;fx_idade_adolescente;0.091836734693878;0.9;0.96923076923077
capacidade_critica_DIMINUIU, avaliacao_jogo_Proplayer;fx_idade_adolescente, escola_Colégio Estadual Almirante Tamandaré;0.091836734693878;0.81818181818182;0.9323467230444
fx_idade_adolescente, escola_Colégio Estadual Almirante Tamandaré, capacidade_critica_MANTEVE;avaliacao_jogo_Proplayer;0.051020408163265;1;2.45
fx_idade_adolescente, avaliacao_jogo_Proplayer, capacidade_critica_MANTEVE;escola_Colégio Estadual Almirante Tamandaré;0.051020408163265;1;1.0537634408602
escola_Colégio Estadual Almirante Tamandaré, avaliacao_jogo_Proplayer, capacidade_critica_MANTEVE;fx_idade_adolescente;0.051020408163265;0.83333333333333;0.8974358974359
fx_idade_adolescente, capacidade_critica_MANTEVE;escola_Colégio Estadual Almirante Tamandaré, avaliacao_jogo_Proplayer;0.051020408163265;1;2.6486486486486
escola_Colégio Estadual Almirante Tamandaré, capacidade_critica_MANTEVE;fx_idade_adolescente, avaliacao_jogo_Proplayer;0.051020408163265;0.83333333333333;2.3333333333333
avaliacao_jogo_Proplayer, capacidade_critica_MANTEVE;fx_idade_adolescente, escola_Colégio Estadual Almirante Tamandaré;0.051020408163265;0.83333333333333;0.94961240310078
capacidade_critica_MANTEVE;fx_idade_adolescente, escola_Colégio Estadual Almirante Tamandaré, avaliacao_jogo_Proplayer;0.051020408163265;0.83333333333333;2.5520833333333
categoria_Saúde e Bem-estar, auto_avaliacao_Casual, capacidade_critica_DIMINUIU;escola_Colégio Estadual Almirante Tamandaré;0.051020408163265;1;1.0537634408602
auto_avaliacao_Iniciante, categoria_Saúde e Bem-estar, capacidade_critica_AUMENTOU;escola_Colégio Estadual Almirante Tamandaré;0.051020408163265;1;1.0537634408602
categoria_Saúde e Bem-estar, avaliacao_jogo_Avançado, capacidade_critica_DIMINUIU;escola_Colégio Estadual Almirante Tamandaré;0.051020408163265;1;1.0537634408602
categoria_Saúde e Bem-estar, escola_Colégio Estadual Almirante Tamandaré, avaliacao_jogo_Proplayer;capacidade_critica_AUMENTOU;0.061224489795918;0.75;1.8375
categoria_Saúde e Bem-estar, avaliacao_jogo_Proplayer, capacidade_critica_AUMENTOU;escola_Colégio Estadual Almirante Tamandaré;0.061224489795918;1;1.0537634408602
categoria_Saúde e Bem-estar, avaliacao_jogo_Proplayer;escola_Colégio Estadual Almirante Tamandaré, capacidade_critica_AUMENTOU;0.061224489795918;0.75;1.9864864864865
capacidade_critica_DIMINUIU, avaliacao_jogo_Avançado, auto_avaliacao_Casual;escola_Colégio Estadual Almirante Tamandaré;0.051020408163265;0.83333333333333;0.87813620071685
escola_Colégio Estadual Almirante Tamandaré, avaliacao_jogo_Casual, auto_avaliacao_Casual;capacidade_critica_DIMINUIU;0.071428571428571;1;1.8846153846154
capacidade_critica_DIMINUIU, avaliacao_jogo_Casual, auto_avaliacao_Casual;escola_Colégio Estadual Almirante Tamandaré;0.071428571428571;1;1.0537634408602
avaliacao_jogo_Casual, auto_avaliacao_Casual;escola_Colégio Estadual Almirante Tamandaré, capacidade_critica_DIMINUIU;0.071428571428571;1;1.96
avaliacao_jogo_Proplayer, capacidade_critica_AUMENTOU, auto_avaliacao_Casual;escola_Colégio Estadual Almirante Tamandaré;0.051020408163265;1;1.0537634408602
auto_avaliacao_Iniciante, avaliacao_jogo_Avançado, capacidade_critica_AUMENTOU;escola_Colégio Estadual Almirante Tamandaré;0.051020408163265;1;1.0537634408602
auto_avaliacao_Iniciante, capacidade_critica_DIMINUIU, avaliacao_jogo_Casual;escola_Colégio Estadual Almirante Tamandaré;0.061224489795918;1;1.0537634408602
auto_avaliacao_Iniciante, escola_Colégio Estadual Almirante Tamandaré, avaliacao_jogo_Proplayer;capacidade_critica_AUMENTOU;0.10204081632653;0.76923076923077;1.8846153846154
auto_avaliacao_Iniciante, avaliacao_jogo_Proplayer, capacidade_critica_AUMENTOU;escola_Colégio Estadual Almirante Tamandaré;0.10204081632653;0.90909090909091;0.95796676441838
capacidade_critica_DIMINUIU, auto_avaliacao_Proplayer, avaliacao_jogo_Casual;escola_Colégio Estadual Almirante Tamandaré;0.051020408163265;1;1.0537634408602
categoria_Saúde e Bem-estar, capacidade_critica_DIMINUIU, turma_1o. EM IFA LGG/CHS C;fx_idade_adolescente;0.051020408163265;1;1.0769230769231
fx_idade_adolescente, turma_1o. EM IFA LGG/CHS C, auto_avaliacao_Iniciante;avaliacao_jogo_Proplayer;0.051020408163265;0.83333333333333;2.0416666666667
auto_avaliacao_Proplayer, avaliacao_jogo_Proplayer, turma_1o. EM IFA LGG/CHS C;fx_idade_adolescente;0.051020408163265;1;1.0769230769231
capacidade_critica_DIMINUIU, auto_avaliacao_Proplayer, turma_1o. EM IFA LGG/CHS C;fx_idade_adolescente;0.071428571428571;1;1.0769230769231
fx_idade_adolescente, avaliacao_jogo_Avançado, turma_1o. EM IFA LGG/CHS C;capacidade_critica_DIMINUIU;0.071428571428571;0.875;1.6490384615385
avaliacao_jogo_Avançado, turma_1o. EM IFA LGG/CHS C, capacidade_critica_DIMINUIU;fx_idade_adolescente;0.071428571428571;1;1.0769230769231
avaliacao_jogo_Avançado, turma_1o. EM IFA LGG/CHS C;fx_idade_adolescente, capacidade_critica_DIMINUIU;0.071428571428571;0.875;1.715
fx_idade_adolescente, turma_1o. EM IFA LGG/CHS C, avaliacao_jogo_Casual;capacidade_critica_DIMINUIU;0.051020408163265;1;1.8846153846154
capacidade_critica_DIMINUIU, turma_1o. EM IFA LGG/CHS C, avaliacao_jogo_Casual;fx_idade_adolescente;0.051020408163265;1;1.0769230769231
turma_1o. EM IFA LGG/CHS C, avaliacao_jogo_Casual;fx_idade_adolescente, capacidade_critica_DIMINUIU;0.051020408163265;0.83333333333333;1.6333333333333
fx_idade_adolescente, capacidade_critica_AUMENTOU, turma_1o. EM IFA LGG/CHS C;avaliacao_jogo_Proplayer;0.061224489795918;0.85714285714286;2.1
capacidade_critica_DIMINUIU, avaliacao_jogo_Proplayer, turma_1o. EM IFA LGG/CHS C;fx_idade_adolescente;0.051020408163265;1;1.0769230769231
fx_idade_adolescente, categoria_Saúde e Bem-estar, turma_1o. EM IFA LGG/CHS D;capacidade_critica_DIMINUIU;0.061224489795918;0.85714285714286;1.6153846153846
turma_1o. EM IFA LGG/CHS D, categoria_Saúde e Bem-estar, capacidade_critica_DIMINUIU;fx_idade_adolescente;0.061224489795918;1;1.0769230769231
turma_1o. EM IFA LGG/CHS D, categoria_Saúde e Bem-estar;fx_idade_adolescente, capacidade_critica_DIMINUIU;0.061224489795918;0.85714285714286;1.68
auto_avaliacao_Iniciante, turma_1o. EM IFA LGG/CHS D, avaliacao_jogo_Casual;fx_idade_adolescente;0.051020408163265;1;1.0769230769231
auto_avaliacao_Iniciante, turma_1o. EM IFA LGG/CHS D, capacidade_critica_AUMENTOU;fx_idade_adolescente;0.051020408163265;1;1.0769230769231
auto_avaliacao_Iniciante, capacidade_critica_DIMINUIU, turma_1o. EM IFA LGG/CHS D;fx_idade_adolescente;0.061224489795918;1;1.0769230769231
turma_1o. EM IFA LGG/CHS D, capacidade_critica_DIMINUIU, avaliacao_jogo_Casual;fx_idade_adolescente;0.071428571428571;1;1.0769230769231
capacidade_critica_DIMINUIU, turma_1o.Tec.Enf. - ET AS - B, auto_avaliacao_Casual;fx_idade_adolescente;0.071428571428571;1;1.0769230769231
fx_idade_adolescente, turma_1o.Tec.Enf. - ET AS - B, avaliacao_jogo_Casual;capacidade_critica_DIMINUIU;0.061224489795918;1;1.8846153846154
capacidade_critica_DIMINUIU, turma_1o.Tec.Enf. - ET AS - B, avaliacao_jogo_Casual;fx_idade_adolescente;0.061224489795918;1;1.0769230769231
turma_1o.Tec.Enf. - ET AS - B, avaliacao_jogo_Casual;fx_idade_adolescente, capacidade_critica_DIMINUIU;0.061224489795918;1;1.96
fx_idade_adolescente, categoria_Economia e Negócios, capacidade_critica_AUMENTOU;avaliacao_jogo_Proplayer;0.051020408163265;0.83333333333333;2.0416666666667
fx_idade_adolescente, categoria_Economia e Negócios, avaliacao_jogo_Proplayer;capacidade_critica_AUMENTOU;0.051020408163265;1;2.45
categoria_Economia e Negócios, capacidade_critica_AUMENTOU, avaliacao_jogo_Proplayer;fx_idade_adolescente;0.051020408163265;1;1.0769230769231
categoria_Economia e Negócios, capacidade_critica_AUMENTOU;fx_idade_adolescente, avaliacao_jogo_Proplayer;0.051020408163265;0.83333333333333;2.3333333333333
categoria_Economia e Negócios, avaliacao_jogo_Proplayer;fx_idade_adolescente, capacidade_critica_AUMENTOU;0.051020408163265;1;2.7222222222222
categoria_Saúde e Bem-estar, capacidade_critica_DIMINUIU, auto_avaliacao_Casual;fx_idade_adolescente;0.051020408163265;1;1.0769230769231
categoria_Saúde e Bem-estar, avaliacao_jogo_Avançado, capacidade_critica_DIMINUIU;fx_idade_adolescente;0.051020408163265;1;1.0769230769231
capacidade_critica_DIMINUIU, avaliacao_jogo_Avançado, auto_avaliacao_Casual;fx_idade_adolescente;0.061224489795918;1;1.0769230769231
fx_idade_adolescente, avaliacao_jogo_Casual, auto_avaliacao_Casual;capacidade_critica_DIMINUIU;0.071428571428571;1;1.8846153846154
capacidade_critica_DIMINUIU, avaliacao_jogo_Casual, auto_avaliacao_Casual;fx_idade_adolescente;0.071428571428571;1;1.0769230769231
avaliacao_jogo_Casual, auto_avaliacao_Casual;fx_idade_adolescente, capacidade_critica_DIMINUIU;0.071428571428571;1;1.96
auto_avaliacao_Iniciante, avaliacao_jogo_Avançado, capacidade_critica_AUMENTOU;fx_idade_adolescente;0.051020408163265;1;1.0769230769231
auto_avaliacao_Iniciante, capacidade_critica_DIMINUIU, avaliacao_jogo_Casual;fx_idade_adolescente;0.061224489795918;1;1.0769230769231
auto_avaliacao_Iniciante, fx_idade_adolescente, avaliacao_jogo_Casual;capacidade_critica_DIMINUIU;0.061224489795918;0.75;1.4134615384615
auto_avaliacao_Iniciante, avaliacao_jogo_Proplayer, capacidade_critica_AUMENTOU;fx_idade_adolescente;0.091836734693878;0.81818181818182;0.88111888111888
auto_avaliacao_Iniciante, avaliacao_jogo_Proplayer, fx_idade_adolescente;capacidade_critica_AUMENTOU;0.091836734693878;0.75;1.8375
capacidade_critica_DIMINUIU, auto_avaliacao_Proplayer, avaliacao_jogo_Casual;fx_idade_adolescente;0.051020408163265;1;1.0769230769231
categoria_Saúde e Bem-estar, escola_Colégio Estadual Almirante Tamandaré, turma_1o. EM IFA LGG/CHS C, capacidade_critica_DIMINUIU;fx_idade_adolescente;0.051020408163265;1;1.0769230769231
fx_idade_adolescente, categoria_Saúde e Bem-estar, turma_1o. EM IFA LGG/CHS C, capacidade_critica_DIMINUIU;escola_Colégio Estadual Almirante Tamandaré;0.051020408163265;1;1.0537634408602
categoria_Saúde e Bem-estar, turma_1o. EM IFA LGG/CHS C, capacidade_critica_DIMINUIU;fx_idade_adolescente, escola_Colégio Estadual Almirante Tamandaré;0.051020408163265;1;1.1395348837209
auto_avaliacao_Iniciante, escola_Colégio Estadual Almirante Tamandaré, fx_idade_adolescente, turma_1o. EM IFA LGG/CHS C;avaliacao_jogo_Proplayer;0.051020408163265;0.83333333333333;2.0416666666667
auto_avaliacao_Iniciante, avaliacao_jogo_Proplayer, fx_idade_adolescente, turma_1o. EM IFA LGG/CHS C;escola_Colégio Estadual Almirante Tamandaré;0.051020408163265;1;1.0537634408602
auto_avaliacao_Iniciante, fx_idade_adolescente, turma_1o. EM IFA LGG/CHS C;escola_Colégio Estadual Almirante Tamandaré, avaliacao_jogo_Proplayer;0.051020408163265;0.83333333333333;2.2072072072072
fx_idade_adolescente, auto_avaliacao_Proplayer, avaliacao_jogo_Proplayer, turma_1o. EM IFA LGG/CHS C;escola_Colégio Estadual Almirante Tamandaré;0.051020408163265;1;1.0537634408602
escola_Colégio Estadual Almirante Tamandaré, auto_avaliacao_Proplayer, avaliacao_jogo_Proplayer, turma_1o. EM IFA LGG/CHS C;fx_idade_adolescente;0.051020408163265;1;1.0769230769231
auto_avaliacao_Proplayer, avaliacao_jogo_Proplayer, turma_1o. EM IFA LGG/CHS C;fx_idade_adolescente, escola_Colégio Estadual Almirante Tamandaré;0.051020408163265;1;1.1395348837209
fx_idade_adolescente, capacidade_critica_DIMINUIU, auto_avaliacao_Proplayer, turma_1o. EM IFA LGG/CHS C;escola_Colégio Estadual Almirante Tamandaré;0.071428571428571;1;1.0537634408602
escola_Colégio Estadual Almirante Tamandaré, auto_avaliacao_Proplayer, turma_1o. EM IFA LGG/CHS C, capacidade_critica_DIMINUIU;fx_idade_adolescente;0.071428571428571;1;1.0769230769231
capacidade_critica_DIMINUIU, auto_avaliacao_Proplayer, turma_1o. EM IFA LGG/CHS C;fx_idade_adolescente, escola_Colégio Estadual Almirante Tamandaré;0.071428571428571;1;1.1395348837209
fx_idade_adolescente, escola_Colégio Estadual Almirante Tamandaré, avaliacao_jogo_Avançado, turma_1o. EM IFA LGG/CHS C;capacidade_critica_DIMINUIU;0.071428571428571;0.875;1.6490384615385
fx_idade_adolescente, avaliacao_jogo_Avançado, turma_1o. EM IFA LGG/CHS C, capacidade_critica_DIMINUIU;escola_Colégio Estadual Almirante Tamandaré;0.071428571428571;1;1.0537634408602
escola_Colégio Estadual Almirante Tamandaré, avaliacao_jogo_Avançado, turma_1o. EM IFA LGG/CHS C, capacidade_critica_DIMINUIU;fx_idade_adolescente;0.071428571428571;1;1.0769230769231
fx_idade_adolescente, avaliacao_jogo_Avançado, turma_1o. EM IFA LGG/CHS C;escola_Colégio Estadual Almirante Tamandaré, capacidade_critica_DIMINUIU;0.071428571428571;0.875;1.715
escola_Colégio Estadual Almirante Tamandaré, avaliacao_jogo_Avançado, turma_1o. EM IFA LGG/CHS C;fx_idade_adolescente, capacidade_critica_DIMINUIU;0.071428571428571;0.875;1.715
avaliacao_jogo_Avançado, turma_1o. EM IFA LGG/CHS C, capacidade_critica_DIMINUIU;fx_idade_adolescente, escola_Colégio Estadual Almirante Tamandaré;0.071428571428571;1;1.1395348837209
avaliacao_jogo_Avançado, turma_1o. EM IFA LGG/CHS C;fx_idade_adolescente, escola_Colégio Estadual Almirante Tamandaré, capacidade_critica_DIMINUIU;0.071428571428571;0.875;1.7864583333333
fx_idade_adolescente, escola_Colégio Estadual Almirante Tamandaré, turma_1o. EM IFA LGG/CHS C, avaliacao_jogo_Casual;capacidade_critica_DIMINUIU;0.051020408163265;1;1.8846153846154
fx_idade_adolescente, capacidade_critica_DIMINUIU, turma_1o. EM IFA LGG/CHS C, avaliacao_jogo_Casual;escola_Colégio Estadual Almirante Tamandaré;0.051020408163265;1;1.0537634408602
escola_Colégio Estadual Almirante Tamandaré, capacidade_critica_DIMINUIU, turma_1o. EM IFA LGG/CHS C, avaliacao_jogo_Casual;fx_idade_adolescente;0.051020408163265;1;1.0769230769231
fx_idade_adolescente, turma_1o. EM IFA LGG/CHS C, avaliacao_jogo_Casual;escola_Colégio Estadual Almirante Tamandaré, capacidade_critica_DIMINUIU;0.051020408163265;1;1.96
escola_Colégio Estadual Almirante Tamandaré, turma_1o. EM IFA LGG/CHS C, avaliacao_jogo_Casual;fx_idade_adolescente, capacidade_critica_DIMINUIU;0.051020408163265;0.83333333333333;1.6333333333333
capacidade_critica_DIMINUIU, turma_1o. EM IFA LGG/CHS C, avaliacao_jogo_Casual;fx_idade_adolescente, escola_Colégio Estadual Almirante Tamandaré;0.051020408163265;1;1.1395348837209
turma_1o. EM IFA LGG/CHS C, avaliacao_jogo_Casual;fx_idade_adolescente, escola_Colégio Estadual Almirante Tamandaré, capacidade_critica_DIMINUIU;0.051020408163265;0.83333333333333;1.7013888888889
fx_idade_adolescente, escola_Colégio Estadual Almirante Tamandaré, capacidade_critica_AUMENTOU, turma_1o. EM IFA LGG/CHS C;avaliacao_jogo_Proplayer;0.061224489795918;0.85714285714286;2.1
fx_idade_adolescente, avaliacao_jogo_Proplayer, capacidade_critica_AUMENTOU, turma_1o. EM IFA LGG/CHS C;escola_Colégio Estadual Almirante Tamandaré;0.061224489795918;1;1.0537634408602
fx_idade_adolescente, capacidade_critica_AUMENTOU, turma_1o. EM IFA LGG/CHS C;escola_Colégio Estadual Almirante Tamandaré, avaliacao_jogo_Proplayer;0.061224489795918;0.85714285714286;2.2702702702703
fx_idade_adolescente, capacidade_critica_DIMINUIU, avaliacao_jogo_Proplayer, turma_1o. EM IFA LGG/CHS C;escola_Colégio Estadual Almirante Tamandaré;0.051020408163265;1;1.0537634408602
escola_Colégio Estadual Almirante Tamandaré, avaliacao_jogo_Proplayer, turma_1o. EM IFA LGG/CHS C, capacidade_critica_DIMINUIU;fx_idade_adolescente;0.051020408163265;1;1.0769230769231
capacidade_critica_DIMINUIU, avaliacao_jogo_Proplayer, turma_1o. EM IFA LGG/CHS C;fx_idade_adolescente, escola_Colégio Estadual Almirante Tamandaré;0.051020408163265;1;1.1395348837209
turma_1o. EM IFA LGG/CHS D, escola_Colégio Estadual Almirante Tamandaré, fx_idade_adolescente, categoria_Saúde e Bem-estar;capacidade_critica_DIMINUIU;0.061224489795918;0.85714285714286;1.6153846153846
turma_1o. EM IFA LGG/CHS D, escola_Colégio Estadual Almirante Tamandaré, capacidade_critica_DIMINUIU, categoria_Saúde e Bem-estar;fx_idade_adolescente;0.061224489795918;1;1.0769230769231
turma_1o. EM IFA LGG/CHS D, categoria_Saúde e Bem-estar, fx_idade_adolescente, capacidade_critica_DIMINUIU;escola_Colégio Estadual Almirante Tamandaré;0.061224489795918;1;1.0537634408602
turma_1o. EM IFA LGG/CHS D, escola_Colégio Estadual Almirante Tamandaré, categoria_Saúde e Bem-estar;fx_idade_adolescente, capacidade_critica_DIMINUIU;0.061224489795918;0.85714285714286;1.68
turma_1o. EM IFA LGG/CHS D, categoria_Saúde e Bem-estar, fx_idade_adolescente;escola_Colégio Estadual Almirante Tamandaré, capacidade_critica_DIMINUIU;0.061224489795918;0.85714285714286;1.68
turma_1o. EM IFA LGG/CHS D, categoria_Saúde e Bem-estar, capacidade_critica_DIMINUIU;fx_idade_adolescente, escola_Colégio Estadual Almirante Tamandaré;0.061224489795918;1;1.1395348837209
turma_1o. EM IFA LGG/CHS D, categoria_Saúde e Bem-estar;fx_idade_adolescente, escola_Colégio Estadual Almirante Tamandaré, capacidade_critica_DIMINUIU;0.061224489795918;0.85714285714286;1.75
auto_avaliacao_Iniciante, turma_1o. EM IFA LGG/CHS D, fx_idade_adolescente, avaliacao_jogo_Casual;escola_Colégio Estadual Almirante Tamandaré;0.051020408163265;1;1.0537634408602
auto_avaliacao_Iniciante, turma_1o. EM IFA LGG/CHS D, escola_Colégio Estadual Almirante Tamandaré, avaliacao_jogo_Casual;fx_idade_adolescente;0.051020408163265;1;1.0769230769231
auto_avaliacao_Iniciante, turma_1o. EM IFA LGG/CHS D, avaliacao_jogo_Casual;fx_idade_adolescente, escola_Colégio Estadual Almirante Tamandaré;0.051020408163265;1;1.1395348837209
auto_avaliacao_Iniciante, turma_1o. EM IFA LGG/CHS D, capacidade_critica_AUMENTOU, fx_idade_adolescente;escola_Colégio Estadual Almirante Tamandaré;0.051020408163265;1;1.0537634408602
auto_avaliacao_Iniciante, turma_1o. EM IFA LGG/CHS D, escola_Colégio Estadual Almirante Tamandaré, capacidade_critica_AUMENTOU;fx_idade_adolescente;0.051020408163265;1;1.0769230769231
auto_avaliacao_Iniciante, turma_1o. EM IFA LGG/CHS D, capacidade_critica_AUMENTOU;fx_idade_adolescente, escola_Colégio Estadual Almirante Tamandaré;0.051020408163265;1;1.1395348837209
auto_avaliacao_Iniciante, turma_1o. EM IFA LGG/CHS D, fx_idade_adolescente, capacidade_critica_DIMINUIU;escola_Colégio Estadual Almirante Tamandaré;0.061224489795918;1;1.0537634408602
auto_avaliacao_Iniciante, turma_1o. EM IFA LGG/CHS D, escola_Colégio Estadual Almirante Tamandaré, capacidade_critica_DIMINUIU;fx_idade_adolescente;0.061224489795918;1;1.0769230769231
auto_avaliacao_Iniciante, turma_1o. EM IFA LGG/CHS D, capacidade_critica_DIMINUIU;fx_idade_adolescente, escola_Colégio Estadual Almirante Tamandaré;0.061224489795918;1;1.1395348837209
turma_1o. EM IFA LGG/CHS D, capacidade_critica_DIMINUIU, fx_idade_adolescente, avaliacao_jogo_Casual;escola_Colégio Estadual Almirante Tamandaré;0.071428571428571;1;1.0537634408602
turma_1o. EM IFA LGG/CHS D, escola_Colégio Estadual Almirante Tamandaré, avaliacao_jogo_Casual, capacidade_critica_DIMINUIU;fx_idade_adolescente;0.071428571428571;1;1.0769230769231
turma_1o. EM IFA LGG/CHS D, capacidade_critica_DIMINUIU, avaliacao_jogo_Casual;fx_idade_adolescente, escola_Colégio Estadual Almirante Tamandaré;0.071428571428571;1;1.1395348837209
fx_idade_adolescente, capacidade_critica_DIMINUIU, turma_1o.Tec.Enf. - ET AS - B, auto_avaliacao_Casual;escola_Colégio Estadual Almirante Tamandaré;0.071428571428571;1;1.0537634408602
escola_Colégio Estadual Almirante Tamandaré, turma_1o.Tec.Enf. - ET AS - B, capacidade_critica_DIMINUIU, auto_avaliacao_Casual;fx_idade_adolescente;0.071428571428571;1;1.0769230769231
capacidade_critica_DIMINUIU, turma_1o.Tec.Enf. - ET AS - B, auto_avaliacao_Casual;fx_idade_adolescente, escola_Colégio Estadual Almirante Tamandaré;0.071428571428571;1;1.1395348837209
fx_idade_adolescente, escola_Colégio Estadual Almirante Tamandaré, turma_1o.Tec.Enf. - ET AS - B, avaliacao_jogo_Casual;capacidade_critica_DIMINUIU;0.061224489795918;1;1.8846153846154
fx_idade_adolescente, capacidade_critica_DIMINUIU, turma_1o.Tec.Enf. - ET AS - B, avaliacao_jogo_Casual;escola_Colégio Estadual Almirante Tamandaré;0.061224489795918;1;1.0537634408602
escola_Colégio Estadual Almirante Tamandaré, turma_1o.Tec.Enf. - ET AS - B, avaliacao_jogo_Casual, capacidade_critica_DIMINUIU;fx_idade_adolescente;0.061224489795918;1;1.0769230769231
fx_idade_adolescente, turma_1o.Tec.Enf. - ET AS - B, avaliacao_jogo_Casual;escola_Colégio Estadual Almirante Tamandaré, capacidade_critica_DIMINUIU;0.061224489795918;1;1.96
escola_Colégio Estadual Almirante Tamandaré, turma_1o.Tec.Enf. - ET AS - B, avaliacao_jogo_Casual;fx_idade_adolescente, capacidade_critica_DIMINUIU;0.061224489795918;1;1.96
capacidade_critica_DIMINUIU, turma_1o.Tec.Enf. - ET AS - B, avaliacao_jogo_Casual;fx_idade_adolescente, escola_Colégio Estadual Almirante Tamandaré;0.061224489795918;1;1.1395348837209
turma_1o.Tec.Enf. - ET AS - B, avaliacao_jogo_Casual;fx_idade_adolescente, escola_Colégio Estadual Almirante Tamandaré, capacidade_critica_DIMINUIU;0.061224489795918;1;2.0416666666667
categoria_Saúde e Bem-estar, escola_Colégio Estadual Almirante Tamandaré, capacidade_critica_DIMINUIU, auto_avaliacao_Casual;fx_idade_adolescente;0.051020408163265;1;1.0769230769231
fx_idade_adolescente, categoria_Saúde e Bem-estar, capacidade_critica_DIMINUIU, auto_avaliacao_Casual;escola_Colégio Estadual Almirante Tamandaré;0.051020408163265;1;1.0537634408602
categoria_Saúde e Bem-estar, capacidade_critica_DIMINUIU, auto_avaliacao_Casual;fx_idade_adolescente, escola_Colégio Estadual Almirante Tamandaré;0.051020408163265;1;1.1395348837209
categoria_Saúde e Bem-estar, escola_Colégio Estadual Almirante Tamandaré, avaliacao_jogo_Avançado, capacidade_critica_DIMINUIU;fx_idade_adolescente;0.051020408163265;1;1.0769230769231
fx_idade_adolescente, categoria_Saúde e Bem-estar, avaliacao_jogo_Avançado, capacidade_critica_DIMINUIU;escola_Colégio Estadual Almirante Tamandaré;0.051020408163265;1;1.0537634408602
categoria_Saúde e Bem-estar, avaliacao_jogo_Avançado, capacidade_critica_DIMINUIU;fx_idade_adolescente, escola_Colégio Estadual Almirante Tamandaré;0.051020408163265;1;1.1395348837209
fx_idade_adolescente, avaliacao_jogo_Avançado, capacidade_critica_DIMINUIU, auto_avaliacao_Casual;escola_Colégio Estadual Almirante Tamandaré;0.051020408163265;0.83333333333333;0.87813620071685
escola_Colégio Estadual Almirante Tamandaré, capacidade_critica_DIMINUIU, avaliacao_jogo_Avançado, auto_avaliacao_Casual;fx_idade_adolescente;0.051020408163265;1;1.0769230769231
avaliacao_jogo_Avançado, capacidade_critica_DIMINUIU, auto_avaliacao_Casual;fx_idade_adolescente, escola_Colégio Estadual Almirante Tamandaré;0.051020408163265;0.83333333333333;0.94961240310078
fx_idade_adolescente, escola_Colégio Estadual Almirante Tamandaré, avaliacao_jogo_Casual, auto_avaliacao_Casual;capacidade_critica_DIMINUIU;0.071428571428571;1;1.8846153846154
fx_idade_adolescente, capacidade_critica_DIMINUIU, avaliacao_jogo_Casual, auto_avaliacao_Casual;escola_Colégio Estadual Almirante Tamandaré;0.071428571428571;1;1.0537634408602
escola_Colégio Estadual Almirante Tamandaré, capacidade_critica_DIMINUIU, avaliacao_jogo_Casual, auto_avaliacao_Casual;fx_idade_adolescente;0.071428571428571;1;1.0769230769231
fx_idade_adolescente, avaliacao_jogo_Casual, auto_avaliacao_Casual;escola_Colégio Estadual Almirante Tamandaré, capacidade_critica_DIMINUIU;0.071428571428571;1;1.96
escola_Colégio Estadual Almirante Tamandaré, avaliacao_jogo_Casual, auto_avaliacao_Casual;fx_idade_adolescente, capacidade_critica_DIMINUIU;0.071428571428571;1;1.96
capacidade_critica_DIMINUIU, avaliacao_jogo_Casual, auto_avaliacao_Casual;fx_idade_adolescente, escola_Colégio Estadual Almirante Tamandaré;0.071428571428571;1;1.1395348837209
avaliacao_jogo_Casual, auto_avaliacao_Casual;fx_idade_adolescente, escola_Colégio Estadual Almirante Tamandaré, capacidade_critica_DIMINUIU;0.071428571428571;1;2.0416666666667
auto_avaliacao_Iniciante, escola_Colégio Estadual Almirante Tamandaré, capacidade_critica_AUMENTOU, avaliacao_jogo_Avançado;fx_idade_adolescente;0.051020408163265;1;1.0769230769231
auto_avaliacao_Iniciante, avaliacao_jogo_Avançado, capacidade_critica_AUMENTOU, fx_idade_adolescente;escola_Colégio Estadual Almirante Tamandaré;0.051020408163265;1;1.0537634408602
auto_avaliacao_Iniciante, avaliacao_jogo_Avançado, capacidade_critica_AUMENTOU;fx_idade_adolescente, escola_Colégio Estadual Almirante Tamandaré;0.051020408163265;1;1.1395348837209
auto_avaliacao_Iniciante, escola_Colégio Estadual Almirante Tamandaré, fx_idade_adolescente, avaliacao_jogo_Casual;capacidade_critica_DIMINUIU;0.061224489795918;0.75;1.4134615384615
auto_avaliacao_Iniciante, capacidade_critica_DIMINUIU, fx_idade_adolescente, avaliacao_jogo_Casual;escola_Colégio Estadual Almirante Tamandaré;0.061224489795918;1;1.0537634408602
auto_avaliacao_Iniciante, escola_Colégio Estadual Almirante Tamandaré, avaliacao_jogo_Casual, capacidade_critica_DIMINUIU;fx_idade_adolescente;0.061224489795918;1;1.0769230769231
auto_avaliacao_Iniciante, fx_idade_adolescente, avaliacao_jogo_Casual;escola_Colégio Estadual Almirante Tamandaré, capacidade_critica_DIMINUIU;0.061224489795918;0.75;1.47
auto_avaliacao_Iniciante, capacidade_critica_DIMINUIU, avaliacao_jogo_Casual;fx_idade_adolescente, escola_Colégio Estadual Almirante Tamandaré;0.061224489795918;1;1.1395348837209
auto_avaliacao_Iniciante, capacidade_critica_AUMENTOU, avaliacao_jogo_Proplayer, fx_idade_adolescente;escola_Colégio Estadual Almirante Tamandaré;0.081632653061224;0.88888888888889;0.93667861409797
auto_avaliacao_Iniciante, escola_Colégio Estadual Almirante Tamandaré, avaliacao_jogo_Proplayer, capacidade_critica_AUMENTOU;fx_idade_adolescente;0.081632653061224;0.8;0.86153846153846
fx_idade_adolescente, capacidade_critica_DIMINUIU, auto_avaliacao_Proplayer, avaliacao_jogo_Casual;escola_Colégio Estadual Almirante Tamandaré;0.051020408163265;1;1.0537634408602
escola_Colégio Estadual Almirante Tamandaré, auto_avaliacao_Proplayer, avaliacao_jogo_Casual, capacidade_critica_DIMINUIU;fx_idade_adolescente;0.051020408163265;1;1.0769230769231
capacidade_critica_DIMINUIU, auto_avaliacao_Proplayer, avaliacao_jogo_Casual;fx_idade_adolescente, escola_Colégio Estadual Almirante Tamandaré;0.051020408163265;1;1.1395348837209
